0;0;28.70;FLOAT
0.001;0.001;26.60;FLOAT
0.002;0.002;24.70;FLOAT
0.003;0.003;23.70;FLOAT
0.004;0.004;23.50;FLOAT
0.005;0.005;23.60;FLOAT
0.006;0.006;23.60;FLOAT
0.007;0.007;23.60;FLOAT
0.008;0.008;23.70;FLOAT
0.009;0.009;24.30;FLOAT
0.01;0.01;25.30;FLOAT
0.011;0.011;26.40;FLOAT
0.012;0.012;27.30;FLOAT
0.013;0.013;27.80;FLOAT
0.014;0.014;28.20;FLOAT
0.015;0.015;28.50;FLOAT
0.016;0.016;28.80;FLOAT
0.017;0.017;28.80;FLOAT
0.018;0.018;28.40;FLOAT
0.019;0.019;27.70;FLOAT
0.02;0.02;27.50;FLOAT
0.021;0.021;28.30;FLOAT
0.022;0.022;30.30;FLOAT
0.023;0.023;32.80;FLOAT
0.024;0.024;34.60;FLOAT
0.025;0.025;34.90;FLOAT
0.026;0.026;33.80;FLOAT
0.027;0.027;32.10;FLOAT
0.028;0.028;31.40;FLOAT
0.029;0.029;32.70;FLOAT
0.03;0.03;35.80;FLOAT
0.031;0.031;39.80;FLOAT
0.032;0.032;43.20;FLOAT
0.033;0.033;45.00;FLOAT
0.034;0.034;45.30;FLOAT
0.035;0.035;44.90;FLOAT
0.036;0.036;44.70;FLOAT
0.037;0.037;45.20;FLOAT
0.038;0.038;46.10;FLOAT
0.039;0.039;46.50;FLOAT
0.04;0.04;45.90;FLOAT
0.041;0.041;44.70;FLOAT
0.042;0.042;43.80;FLOAT
0.043;0.043;44.10;FLOAT
0.044;0.044;46.10;FLOAT
0.045;0.045;48.80;FLOAT
0.046;0.046;50.60;FLOAT
0.047;0.047;50.00;FLOAT
0.048;0.048;46.80;FLOAT
0.049;0.049;42.20;FLOAT
0.05;0.05;38.40;FLOAT
0.051;0.051;37.00;FLOAT
0.052;0.052;38.30;FLOAT
0.053;0.053;41.30;FLOAT
0.054;0.054;44.10;FLOAT
0.055;0.055;45.20;FLOAT
0.056;0.056;44.20;FLOAT
0.057;0.057;41.80;FLOAT
0.058;0.058;39.30;FLOAT
0.059;0.059;37.60;FLOAT
0.06;0.06;37.00;FLOAT
0.061;0.061;37.20;FLOAT
0.062;0.062;37.90;FLOAT
0.063;0.063;38.80;FLOAT
0.064;0.064;39.90;FLOAT
0.065;0.065;40.60;FLOAT
0.066;0.066;40.30;FLOAT
0.067;0.067;38.50;FLOAT
0.068;0.068;35.50;FLOAT
0.069;0.069;32.20;FLOAT
0.07;0.07;30.00;FLOAT
0.071;0.071;30.00;FLOAT
0.072;0.072;31.90;FLOAT
0.073;0.073;34.60;FLOAT
0.074;0.074;36.30;FLOAT
0.075;0.075;36.10;FLOAT
0.076;0.076;34.00;FLOAT
0.077;0.077;31.30;FLOAT
0.078;0.078;29.50;FLOAT
0.079;0.079;29.80;FLOAT
0.08;0.08;32.20;FLOAT
0.081;0.081;35.80;FLOAT
0.082;0.082;39.20;FLOAT
0.083;0.083;41.30;FLOAT
0.084;0.084;41.40;FLOAT
0.085;0.085;39.70;FLOAT
0.086;0.086;37.00;FLOAT
0.087;0.087;34.30;FLOAT
0.088;0.088;32.50;FLOAT
0.089;0.089;32.20;FLOAT
0.09;0.09;33.40;FLOAT
0.091;0.091;35.40;FLOAT
0.092;0.092;37.10;FLOAT
0.093;0.093;37.90;FLOAT
0.094;0.094;37.40;FLOAT
0.095;0.095;36.20;FLOAT
0.096;0.096;35.10;FLOAT
0.097;0.097;34.70;FLOAT
0.098;0.098;35.20;FLOAT
0.099;0.099;36.00;FLOAT
0.1;0.1;36.30;FLOAT
0.101;0.101;35.50;FLOAT
0.102;0.102;33.80;FLOAT
0.103;0.103;32.00;FLOAT
0.104;0.104;31.30;FLOAT
0.105;0.105;32.10;FLOAT
0.106;0.106;34.10;FLOAT
0.107;0.107;35.90;FLOAT
0.108;0.108;36.60;FLOAT
0.109;0.109;35.40;FLOAT
0.11;0.11;33.00;FLOAT
0.111;0.111;30.30;FLOAT
0.112;0.112;28.70;FLOAT
0.113;0.113;28.70;FLOAT
0.114;0.114;30.60;FLOAT
0.115;0.115;33.70;FLOAT
0.116;0.116;37.20;FLOAT
0.117;0.117;40.30;FLOAT
0.118;0.118;42.00;FLOAT
0.119;0.119;41.70;FLOAT
0.12;0.12;39.20;FLOAT
0.121;0.121;35.20;FLOAT
0.122;0.122;31.00;FLOAT
0.123;0.123;28.10;FLOAT
0.124;0.124;27.30;FLOAT
0.125;0.125;28.30;FLOAT
0.126;0.126;30.10;FLOAT
0.127;0.127;31.30;FLOAT
0.128;0.128;31.50;FLOAT
0.129;0.129;31.00;FLOAT
0.13;0.13;31.10;FLOAT
0.131;0.131;32.70;FLOAT
0.132;0.132;35.70;FLOAT
0.133;0.133;39.00;FLOAT
0.134;0.134;41.20;FLOAT
0.135;0.135;41.60;FLOAT
0.136;0.136;40.60;FLOAT
0.137;0.137;39.20;FLOAT
0.138;0.138;38.70;FLOAT
0.139;0.139;39.20;FLOAT
0.14;0.14;40.00;FLOAT
0.141;0.141;39.90;FLOAT
0.142;0.142;37.90;FLOAT
0.143;0.143;34.50;FLOAT
0.144;0.144;30.80;FLOAT
0.145;0.145;28.70;FLOAT
0.146;0.146;29.30;FLOAT
0.147;0.147;32.50;FLOAT
0.148;0.148;36.90;FLOAT
0.149;0.149;40.40;FLOAT
0.15;0.15;41.60;FLOAT
0.151;0.151;40.20;FLOAT
0.152;0.152;37.30;FLOAT
0.153;0.153;34.70;FLOAT
0.154;0.154;33.90;FLOAT
0.155;0.155;35.30;FLOAT
0.156;0.156;38.00;FLOAT
0.157;0.157;40.90;FLOAT
0.158;0.158;42.60;FLOAT
0.159;0.159;42.70;FLOAT
0.16;0.16;41.50;FLOAT
0.161;0.161;39.50;FLOAT
0.162;0.162;37.40;FLOAT
0.163;0.163;35.70;FLOAT
0.164;0.164;34.80;FLOAT
0.165;0.165;34.70;FLOAT
0.166;0.166;35.70;FLOAT
0.167;0.167;37.70;FLOAT
0.168;0.168;40.30;FLOAT
0.169;0.169;43.40;FLOAT
0.17;0.17;46.50;FLOAT
0.171;0.171;49.70;FLOAT
0.172;0.172;53.50;FLOAT
0.173;0.173;58.20;FLOAT
0.174;0.174;64.30;FLOAT
0.175;0.175;71.90;FLOAT
0.176;0.176;80.70;FLOAT
0.177;0.177;90.40;FLOAT
0.178;0.178;100.20;FLOAT
0.179;0.179;109.40;FLOAT
0.18;0.18;116.80;FLOAT
0.181;0.181;121.30;FLOAT
0.182;0.182;122.10;FLOAT
0.183;0.183;119.00;FLOAT
0.184;0.184;112.40;FLOAT
0.185;0.185;103.40;FLOAT
0.186;0.186;93.10;FLOAT
0.187;0.187;82.10;FLOAT
0.188;0.188;70.50;FLOAT
0.189;0.189;57.60;FLOAT
0.19;0.19;43.40;FLOAT
0.191;0.191;28.10;FLOAT
0.192;0.192;13.10;FLOAT
0.193;0.193;0.20;FLOAT
0.194;0.194;-8.60;FLOAT
0.195;0.195;-12.70;FLOAT
0.196;0.196;-12.20;FLOAT
0.197;0.197;-8.80;FLOAT
0.198;0.198;-4.50;FLOAT
0.199;0.199;-1.00;FLOAT
0.2;0.2;1.40;FLOAT
0.201;0.201;3.20;FLOAT
0.202;0.202;5.90;FLOAT
0.203;0.203;10.50;FLOAT
0.204;0.204;17.00;FLOAT
0.205;0.205;24.20;FLOAT
0.206;0.206;30.50;FLOAT
0.207;0.207;34.30;FLOAT
0.208;0.208;35.40;FLOAT
0.209;0.209;34.80;FLOAT
0.21;0.21;34.10;FLOAT
0.211;0.211;34.70;FLOAT
0.212;0.212;36.50;FLOAT
0.213;0.213;38.70;FLOAT
0.214;0.214;39.80;FLOAT
0.215;0.215;38.90;FLOAT
0.216;0.216;36.60;FLOAT
0.217;0.217;34.30;FLOAT
0.218;0.218;33.70;FLOAT
0.219;0.219;35.60;FLOAT
0.22;0.22;39.20;FLOAT
0.221;0.221;42.80;FLOAT
0.222;0.222;44.90;FLOAT
0.223;0.223;44.60;FLOAT
0.224;0.224;42.50;FLOAT
0.225;0.225;39.80;FLOAT
0.226;0.226;37.80;FLOAT
0.227;0.227;36.90;FLOAT
0.228;0.228;36.90;FLOAT
0.229;0.229;37.40;FLOAT
0.23;0.23;37.80;FLOAT
0.231;0.231;38.40;FLOAT
0.232;0.232;39.40;FLOAT
0.233;0.233;40.80;FLOAT
0.234;0.234;42.20;FLOAT
0.235;0.235;43.30;FLOAT
0.236;0.236;43.40;FLOAT
0.237;0.237;42.60;FLOAT
0.238;0.238;41.10;FLOAT
0.239;0.239;39.60;FLOAT
0.24;0.24;38.50;FLOAT
0.241;0.241;38.20;FLOAT
0.242;0.242;38.70;FLOAT
0.243;0.243;39.70;FLOAT
0.244;0.244;41.00;FLOAT
0.245;0.245;42.00;FLOAT
0.246;0.246;42.50;FLOAT
0.247;0.247;42.30;FLOAT
0.248;0.248;41.40;FLOAT
0.249;0.249;40.30;FLOAT
0.25;0.25;39.60;FLOAT
0.251;0.251;39.40;FLOAT
0.252;0.252;39.70;FLOAT
0.253;0.253;39.90;FLOAT
0.254;0.254;39.40;FLOAT
0.255;0.255;38.10;FLOAT
0.256;0.256;36.30;FLOAT
0.257;0.257;35.20;FLOAT
0.258;0.258;35.70;FLOAT
0.259;0.259;37.90;FLOAT
0.26;0.26;41.10;FLOAT
0.261;0.261;43.80;FLOAT
0.262;0.262;44.60;FLOAT
0.263;0.263;43.20;FLOAT
0.264;0.264;40.40;FLOAT
0.265;0.265;37.90;FLOAT
0.266;0.266;37.20;FLOAT
0.267;0.267;38.60;FLOAT
0.268;0.268;41.40;FLOAT
0.269;0.269;43.80;FLOAT
0.27;0.27;44.50;FLOAT
0.271;0.271;42.90;FLOAT
0.272;0.272;40.00;FLOAT
0.273;0.273;37.10;FLOAT
0.274;0.274;35.60;FLOAT
0.275;0.275;35.90;FLOAT
0.276;0.276;37.60;FLOAT
0.277;0.277;40.00;FLOAT
0.278;0.278;41.80;FLOAT
0.279;0.279;42.60;FLOAT
0.28;0.28;42.30;FLOAT
0.281;0.281;41.10;FLOAT
0.282;0.282;39.30;FLOAT
0.283;0.283;37.40;FLOAT
0.284;0.284;35.60;FLOAT
0.285;0.285;34.30;FLOAT
0.286;0.286;33.90;FLOAT
0.287;0.287;34.20;FLOAT
0.288;0.288;35.30;FLOAT
0.289;0.289;36.60;FLOAT
0.29;0.29;37.60;FLOAT
0.291;0.291;38.00;FLOAT
0.292;0.292;37.80;FLOAT
0.293;0.293;37.80;FLOAT
0.294;0.294;38.30;FLOAT
0.295;0.295;39.80;FLOAT
0.296;0.296;41.80;FLOAT
0.297;0.297;43.50;FLOAT
0.298;0.298;43.90;FLOAT
0.299;0.299;42.80;FLOAT
0.3;0.3;40.60;FLOAT
0.301;0.301;38.50;FLOAT
0.302;0.302;37.50;FLOAT
0.303;0.303;38.10;FLOAT
0.304;0.304;39.40;FLOAT
0.305;0.305;40.60;FLOAT
0.306;0.306;40.70;FLOAT
0.307;0.307;39.80;FLOAT
0.308;0.308;38.90;FLOAT
0.309;0.309;39.00;FLOAT
0.31;0.31;40.20;FLOAT
0.311;0.311;42.00;FLOAT
0.312;0.312;43.10;FLOAT
0.313;0.313;42.80;FLOAT
0.314;0.314;41.30;FLOAT
0.315;0.315;40.00;FLOAT
0.316;0.316;40.40;FLOAT
0.317;0.317;43.00;FLOAT
0.318;0.318;46.90;FLOAT
0.319;0.319;50.30;FLOAT
0.32;0.32;51.60;FLOAT
0.321;0.321;50.10;FLOAT
0.322;0.322;47.10;FLOAT
0.323;0.323;44.50;FLOAT
0.324;0.324;43.80;FLOAT
0.325;0.325;45.30;FLOAT
0.326;0.326;47.80;FLOAT
0.327;0.327;49.60;FLOAT
0.328;0.328;49.20;FLOAT
0.329;0.329;46.80;FLOAT
0.33;0.33;43.40;FLOAT
0.331;0.331;41.10;FLOAT
0.332;0.332;40.80;FLOAT
0.333;0.333;42.80;FLOAT
0.334;0.334;45.80;FLOAT
0.335;0.335;48.30;FLOAT
0.336;0.336;49.40;FLOAT
0.337;0.337;49.00;FLOAT
0.338;0.338;47.90;FLOAT
0.339;0.339;47.10;FLOAT
0.34;0.34;47.40;FLOAT
0.341;0.341;48.80;FLOAT
0.342;0.342;50.70;FLOAT
0.343;0.343;52.30;FLOAT
0.344;0.344;52.80;FLOAT
0.345;0.345;51.90;FLOAT
0.346;0.346;50.00;FLOAT
0.347;0.347;47.40;FLOAT
0.348;0.348;45.30;FLOAT
0.349;0.349;44.40;FLOAT
0.35;0.35;45.20;FLOAT
0.351;0.351;47.60;FLOAT
0.352;0.352;50.30;FLOAT
0.353;0.353;52.20;FLOAT
0.354;0.354;52.10;FLOAT
0.355;0.355;50.20;FLOAT
0.356;0.356;47.40;FLOAT
0.357;0.357;45.20;FLOAT
0.358;0.358;44.60;FLOAT
0.359;0.359;45.80;FLOAT
0.36;0.36;47.60;FLOAT
0.361;0.361;49.00;FLOAT
0.362;0.362;48.90;FLOAT
0.363;0.363;47.30;FLOAT
0.364;0.364;45.30;FLOAT
0.365;0.365;43.80;FLOAT
0.366;0.366;43.80;FLOAT
0.367;0.367;45.50;FLOAT
0.368;0.368;48.30;FLOAT
0.369;0.369;50.90;FLOAT
0.37;0.37;52.20;FLOAT
0.371;0.371;51.60;FLOAT
0.372;0.372;49.50;FLOAT
0.373;0.373;47.20;FLOAT
0.374;0.374;46.00;FLOAT
0.375;0.375;46.40;FLOAT
0.376;0.376;47.90;FLOAT
0.377;0.377;49.10;FLOAT
0.378;0.378;48.80;FLOAT
0.379;0.379;47.10;FLOAT
0.38;0.38;45.60;FLOAT
0.381;0.381;45.70;FLOAT
0.382;0.382;47.90;FLOAT
0.383;0.383;50.90;FLOAT
0.384;0.384;52.50;FLOAT
0.385;0.385;51.40;FLOAT
0.386;0.386;48.10;FLOAT
0.387;0.387;44.90;FLOAT
0.388;0.388;44.30;FLOAT
0.389;0.389;46.50;FLOAT
0.39;0.39;49.70;FLOAT
0.391;0.391;51.10;FLOAT
0.392;0.392;49.20;FLOAT
0.393;0.393;44.90;FLOAT
0.394;0.394;41.20;FLOAT
0.395;0.395;40.40;FLOAT
0.396;0.396;42.60;FLOAT
0.397;0.397;45.70;FLOAT
0.398;0.398;46.90;FLOAT
0.399;0.399;44.90;FLOAT
0.4;0.4;41.10;FLOAT
0.401;0.401;38.30;FLOAT
0.402;0.402;38.60;FLOAT
0.403;0.403;41.90;FLOAT
0.404;0.404;46.00;FLOAT
0.405;0.405;48.40;FLOAT
0.406;0.406;48.30;FLOAT
0.407;0.407;46.50;FLOAT
0.408;0.408;44.70;FLOAT
0.409;0.409;44.20;FLOAT
0.41;0.41;44.70;FLOAT
0.411;0.411;45.50;FLOAT
0.412;0.412;45.90;FLOAT
0.413;0.413;46.00;FLOAT
0.414;0.414;46.20;FLOAT
0.415;0.415;46.90;FLOAT
0.416;0.416;47.70;FLOAT
0.417;0.417;47.80;FLOAT
0.418;0.418;47.00;FLOAT
0.419;0.419;46.10;FLOAT
0.42;0.42;45.90;FLOAT
0.421;0.421;47.20;FLOAT
0.422;0.422;49.20;FLOAT
0.423;0.423;50.60;FLOAT
0.424;0.424;50.30;FLOAT
0.425;0.425;48.50;FLOAT
0.426;0.426;46.70;FLOAT
0.427;0.427;46.50;FLOAT
0.428;0.428;48.60;FLOAT
0.429;0.429;51.90;FLOAT
0.43;0.43;54.50;FLOAT
0.431;0.431;54.90;FLOAT
0.432;0.432;52.70;FLOAT
0.433;0.433;49.20;FLOAT
0.434;0.434;45.90;FLOAT
0.435;0.435;44.20;FLOAT
0.436;0.436;44.00;FLOAT
0.437;0.437;44.50;FLOAT
0.438;0.438;44.90;FLOAT
0.439;0.439;44.70;FLOAT
0.44;0.44;44.10;FLOAT
0.441;0.441;43.60;FLOAT
0.442;0.442;43.60;FLOAT
0.443;0.443;44.10;FLOAT
0.444;0.444;44.80;FLOAT
0.445;0.445;45.20;FLOAT
0.446;0.446;45.00;FLOAT
0.447;0.447;44.20;FLOAT
0.448;0.448;43.00;FLOAT
0.449;0.449;41.90;FLOAT
0.45;0.45;41.40;FLOAT
0.451;0.451;41.90;FLOAT
0.452;0.452;43.20;FLOAT
0.453;0.453;44.60;FLOAT
0.454;0.454;45.40;FLOAT
0.455;0.455;45.00;FLOAT
0.456;0.456;43.80;FLOAT
0.457;0.457;42.30;FLOAT
0.458;0.458;41.20;FLOAT
0.459;0.459;40.60;FLOAT
0.46;0.46;40.30;FLOAT
0.461;0.461;39.60;FLOAT
0.462;0.462;38.50;FLOAT
0.463;0.463;37.50;FLOAT
0.464;0.464;37.10;FLOAT
0.465;0.465;37.60;FLOAT
0.466;0.466;38.70;FLOAT
0.467;0.467;39.60;FLOAT
0.468;0.468;40.00;FLOAT
0.469;0.469;40.20;FLOAT
0.47;0.47;40.80;FLOAT
0.471;0.471;42.40;FLOAT
0.472;0.472;44.50;FLOAT
0.473;0.473;46.10;FLOAT
0.474;0.474;45.70;FLOAT
0.475;0.475;43.00;FLOAT
0.476;0.476;38.80;FLOAT
0.477;0.477;34.60;FLOAT
0.478;0.478;32.00;FLOAT
0.479;0.479;31.70;FLOAT
0.48;0.48;33.40;FLOAT
0.481;0.481;36.30;FLOAT
0.482;0.482;39.00;FLOAT
0.483;0.483;40.60;FLOAT
0.484;0.484;40.50;FLOAT
0.485;0.485;38.50;FLOAT
0.486;0.486;35.20;FLOAT
0.487;0.487;31.80;FLOAT
0.488;0.488;29.80;FLOAT
0.489;0.489;30.20;FLOAT
0.49;0.49;33.20;FLOAT
0.491;0.491;37.80;FLOAT
0.492;0.492;42.20;FLOAT
0.493;0.493;44.70;FLOAT
0.494;0.494;44.90;FLOAT
0.495;0.495;43.50;FLOAT
0.496;0.496;42.00;FLOAT
0.497;0.497;41.40;FLOAT
0.498;0.498;42.00;FLOAT
0.499;0.499;43.20;FLOAT
0.5;0.5;44.10;FLOAT
0.501;0.501;44.50;FLOAT
0.502;0.502;44.80;FLOAT
0.503;0.503;45.50;FLOAT
0.504;0.504;46.60;FLOAT
0.505;0.505;47.60;FLOAT
0.506;0.506;47.40;FLOAT
0.507;0.507;45.80;FLOAT
0.508;0.508;43.40;FLOAT
0.509;0.509;41.60;FLOAT
0.51;0.51;41.50;FLOAT
0.511;0.511;43.40;FLOAT
0.512;0.512;45.60;FLOAT
0.513;0.513;46.40;FLOAT
0.514;0.514;44.60;FLOAT
0.515;0.515;40.60;FLOAT
0.516;0.516;36.40;FLOAT
0.517;0.517;34.20;FLOAT
0.518;0.518;34.80;FLOAT
0.519;0.519;37.30;FLOAT
0.52;0.52;39.60;FLOAT
0.521;0.521;40.00;FLOAT
0.522;0.522;37.80;FLOAT
0.523;0.523;34.00;FLOAT
0.524;0.524;30.40;FLOAT
0.525;0.525;28.70;FLOAT
0.526;0.526;29.40;FLOAT
0.527;0.527;32.00;FLOAT
0.528;0.528;35.10;FLOAT
0.529;0.529;37.40;FLOAT
0.53;0.53;38.00;FLOAT
0.531;0.531;36.80;FLOAT
0.532;0.532;34.30;FLOAT
0.533;0.533;31.70;FLOAT
0.534;0.534;29.90;FLOAT
0.535;0.535;29.70;FLOAT
0.536;0.536;30.50;FLOAT
0.537;0.537;31.30;FLOAT
0.538;0.538;30.80;FLOAT
0.539;0.539;28.60;FLOAT
0.54;0.54;25.30;FLOAT
0.541;0.541;22.80;FLOAT
0.542;0.542;22.60;FLOAT
0.543;0.543;25.10;FLOAT
0.544;0.544;28.90;FLOAT
0.545;0.545;31.90;FLOAT
0.546;0.546;32.40;FLOAT
0.547;0.547;30.20;FLOAT
0.548;0.548;26.50;FLOAT
0.549;0.549;23.50;FLOAT
0.55;0.55;22.50;FLOAT
0.551;0.551;23.90;FLOAT
0.552;0.552;26.40;FLOAT
0.553;0.553;28.40;FLOAT
0.554;0.554;28.50;FLOAT
0.555;0.555;26.60;FLOAT
0.556;0.556;23.90;FLOAT
0.557;0.557;21.50;FLOAT
0.558;0.558;20.70;FLOAT
0.559;0.559;21.40;FLOAT
0.56;0.56;23.10;FLOAT
0.561;0.561;24.70;FLOAT
0.562;0.562;25.70;FLOAT
0.563;0.563;25.80;FLOAT
0.564;0.564;25.50;FLOAT
0.565;0.565;25.20;FLOAT
0.566;0.566;24.90;FLOAT
0.567;0.567;24.30;FLOAT
0.568;0.568;23.00;FLOAT
0.569;0.569;21.10;FLOAT
0.57;0.57;19.40;FLOAT
0.571;0.571;19.00;FLOAT
0.572;0.572;20.30;FLOAT
0.573;0.573;22.90;FLOAT
0.574;0.574;25.20;FLOAT
0.575;0.575;25.70;FLOAT
0.576;0.576;23.90;FLOAT
0.577;0.577;20.50;FLOAT
0.578;0.578;17.40;FLOAT
0.579;0.579;16.10;FLOAT
0.58;0.58;17.00;FLOAT
0.581;0.581;19.20;FLOAT
0.582;0.582;21.20;FLOAT
0.583;0.583;22.00;FLOAT
0.584;0.584;21.30;FLOAT
0.585;0.585;20.20;FLOAT
0.586;0.586;19.40;FLOAT
0.587;0.587;19.50;FLOAT
0.588;0.588;19.80;FLOAT
0.589;0.589;19.70;FLOAT
0.59;0.59;18.50;FLOAT
0.591;0.591;16.40;FLOAT
0.592;0.592;14.20;FLOAT
0.593;0.593;12.90;FLOAT
0.594;0.594;12.70;FLOAT
0.595;0.595;13.40;FLOAT
0.596;0.596;14.20;FLOAT
0.597;0.597;14.50;FLOAT
0.598;0.598;14.30;FLOAT
0.599;0.599;13.70;FLOAT
0.6;0.6;13.10;FLOAT
0.601;0.601;12.80;FLOAT
0.602;0.602;12.80;FLOAT
0.603;0.603;13.10;FLOAT
0.604;0.604;13.50;FLOAT
0.605;0.605;13.80;FLOAT
0.606;0.606;13.90;FLOAT
0.607;0.607;13.90;FLOAT
0.608;0.608;14.00;FLOAT
0.609;0.609;14.50;FLOAT
0.61;0.61;15.10;FLOAT
0.611;0.611;15.40;FLOAT
0.612;0.612;14.80;FLOAT
0.613;0.613;13.20;FLOAT
0.614;0.614;11.00;FLOAT
0.615;0.615;9.30;FLOAT
0.616;0.616;8.80;FLOAT
0.617;0.617;10.10;FLOAT
0.618;0.618;12.40;FLOAT
0.619;0.619;14.40;FLOAT
0.62;0.62;14.90;FLOAT
0.621;0.621;13.70;FLOAT
0.622;0.622;11.50;FLOAT
0.623;0.623;9.80;FLOAT
0.624;0.624;9.50;FLOAT
0.625;0.625;10.60;FLOAT
0.626;0.626;12.20;FLOAT
0.627;0.627;13.40;FLOAT
0.628;0.628;13.70;FLOAT
0.629;0.629;13.20;FLOAT
0.63;0.63;12.50;FLOAT
0.631;0.631;11.80;FLOAT
0.632;0.632;11.20;FLOAT
0.633;0.633;10.50;FLOAT
0.634;0.634;9.50;FLOAT
0.635;0.635;9.00;FLOAT
0.636;0.636;9.50;FLOAT
0.637;0.637;11.70;FLOAT
0.638;0.638;15.50;FLOAT
0.639;0.639;20.70;FLOAT
0.64;0.64;26.40;FLOAT
0.641;0.641;32.40;FLOAT
0.642;0.642;38.50;FLOAT
0.643;0.643;44.90;FLOAT
0.644;0.644;51.80;FLOAT
0.645;0.645;59.50;FLOAT
0.646;0.646;67.70;FLOAT
0.647;0.647;76.20;FLOAT
0.648;0.648;84.00;FLOAT
0.649;0.649;90.20;FLOAT
0.65;0.65;93.40;FLOAT
0.651;0.651;92.90;FLOAT
0.652;0.652;88.50;FLOAT
0.653;0.653;81.00;FLOAT
0.654;0.654;71.30;FLOAT
0.655;0.655;60.20;FLOAT
0.656;0.656;48.20;FLOAT
0.657;0.657;35.40;FLOAT
0.658;0.658;21.70;FLOAT
0.659;0.659;7.50;FLOAT
0.66;0.66;-6.30;FLOAT
0.661;0.661;-18.90;FLOAT
0.662;0.662;-29.20;FLOAT
0.663;0.663;-36.60;FLOAT
0.664;0.664;-40.60;FLOAT
0.665;0.665;-40.90;FLOAT
0.666;0.666;-38.10;FLOAT
0.667;0.667;-32.90;FLOAT
0.668;0.668;-26.70;FLOAT
0.669;0.669;-20.70;FLOAT
0.67;0.67;-15.70;FLOAT
0.671;0.671;-11.60;FLOAT
0.672;0.672;-7.70;FLOAT
0.673;0.673;-3.40;FLOAT
0.674;0.674;1.30;FLOAT
0.675;0.675;5.60;FLOAT
0.676;0.676;8.50;FLOAT
0.677;0.677;9.40;FLOAT
0.678;0.678;9.00;FLOAT
0.679;0.679;8.40;FLOAT
0.68;0.68;8.90;FLOAT
0.681;0.681;10.50;FLOAT
0.682;0.682;12.50;FLOAT
0.683;0.683;13.70;FLOAT
0.684;0.684;13.60;FLOAT
0.685;0.685;12.30;FLOAT
0.686;0.686;10.60;FLOAT
0.687;0.687;9.10;FLOAT
0.688;0.688;8.10;FLOAT
0.689;0.689;7.10;FLOAT
0.69;0.69;5.70;FLOAT
0.691;0.691;4.00;FLOAT
0.692;0.692;2.50;FLOAT
0.693;0.693;2.20;FLOAT
0.694;0.694;3.60;FLOAT
0.695;0.695;6.00;FLOAT
0.696;0.696;8.50;FLOAT
0.697;0.697;9.80;FLOAT
0.698;0.698;9.20;FLOAT
0.699;0.699;7.20;FLOAT
0.7;0.7;4.70;FLOAT
0.701;0.701;2.90;FLOAT
0.702;0.702;2.40;FLOAT
0.703;0.703;3.40;FLOAT
0.704;0.704;5.10;FLOAT
0.705;0.705;6.80;FLOAT
0.706;0.706;7.90;FLOAT
0.707;0.707;8.10;FLOAT
0.708;0.708;7.30;FLOAT
0.709;0.709;5.90;FLOAT
0.71;0.71;4.40;FLOAT
0.711;0.711;3.30;FLOAT
0.712;0.712;3.10;FLOAT
0.713;0.713;3.70;FLOAT
0.714;0.714;4.80;FLOAT
0.715;0.715;5.80;FLOAT
0.716;0.716;6.10;FLOAT
0.717;0.717;5.50;FLOAT
0.718;0.718;4.60;FLOAT
0.719;0.719;3.90;FLOAT
0.72;0.72;4.10;FLOAT
0.721;0.721;5.10;FLOAT
0.722;0.722;6.60;FLOAT
0.723;0.723;8.20;FLOAT
0.724;0.724;9.60;FLOAT
0.725;0.725;10.90;FLOAT
0.726;0.726;12.40;FLOAT
0.727;0.727;14.10;FLOAT
0.728;0.728;15.20;FLOAT
0.729;0.729;15.10;FLOAT
0.73;0.73;13.40;FLOAT
0.731;0.731;10.90;FLOAT
0.732;0.732;9.00;FLOAT
0.733;0.733;8.90;FLOAT
0.734;0.734;11.10;FLOAT
0.735;0.735;14.50;FLOAT
0.736;0.736;17.40;FLOAT
0.737;0.737;18.20;FLOAT
0.738;0.738;16.80;FLOAT
0.739;0.739;14.00;FLOAT
0.74;0.74;11.20;FLOAT
0.741;0.741;9.70;FLOAT
0.742;0.742;9.30;FLOAT
0.743;0.743;9.60;FLOAT
0.744;0.744;9.90;FLOAT
0.745;0.745;9.90;FLOAT
0.746;0.746;9.80;FLOAT
0.747;0.747;9.90;FLOAT
0.748;0.748;9.80;FLOAT
0.749;0.749;9.30;FLOAT
0.75;0.75;7.80;FLOAT
0.751;0.751;5.50;FLOAT
0.752;0.752;3.40;FLOAT
0.753;0.753;2.30;FLOAT
0.754;0.754;2.40;FLOAT
0.755;0.755;3.20;FLOAT
0.756;0.756;3.60;FLOAT
0.757;0.757;3.10;FLOAT
0.758;0.758;1.80;FLOAT
0.759;0.759;0.80;FLOAT
0.76;0.76;1.50;FLOAT
0.761;0.761;4.10;FLOAT
0.762;0.762;7.90;FLOAT
0.763;0.763;11.20;FLOAT
0.764;0.764;12.60;FLOAT
0.765;0.765;11.50;FLOAT
0.766;0.766;8.70;FLOAT
0.767;0.767;5.60;FLOAT
0.768;0.768;3.80;FLOAT
0.769;0.769;3.90;FLOAT
0.77;0.77;5.50;FLOAT
0.771;0.771;7.60;FLOAT
0.772;0.772;9.10;FLOAT
0.773;0.773;9.20;FLOAT
0.774;0.774;8.20;FLOAT
0.775;0.775;6.90;FLOAT
0.776;0.776;6.20;FLOAT
0.777;0.777;6.70;FLOAT
0.778;0.778;8.20;FLOAT
0.779;0.779;9.90;FLOAT
0.78;0.78;11.00;FLOAT
0.781;0.781;11.10;FLOAT
0.782;0.782;10.20;FLOAT
0.783;0.783;9.20;FLOAT
0.784;0.784;8.50;FLOAT
0.785;0.785;8.30;FLOAT
0.786;0.786;8.10;FLOAT
0.787;0.787;7.20;FLOAT
0.788;0.788;5.40;FLOAT
0.789;0.789;3.20;FLOAT
0.79;0.79;1.70;FLOAT
0.791;0.791;1.40;FLOAT
0.792;0.792;2.50;FLOAT
0.793;0.793;3.90;FLOAT
0.794;0.794;4.80;FLOAT
0.795;0.795;4.50;FLOAT
0.796;0.796;3.90;FLOAT
0.797;0.797;4.10;FLOAT
0.798;0.798;5.90;FLOAT
0.799;0.799;8.80;FLOAT
0.8;0.8;11.60;FLOAT
0.801;0.801;12.40;FLOAT
0.802;0.802;10.80;FLOAT
0.803;0.803;7.30;FLOAT
0.804;0.804;3.80;FLOAT
0.805;0.805;2.30;FLOAT
0.806;0.806;3.20;FLOAT
0.807;0.807;6.10;FLOAT
0.808;0.808;9.50;FLOAT
0.809;0.809;11.80;FLOAT
0.81;0.81;12.30;FLOAT
0.811;0.811;11.50;FLOAT
0.812;0.812;10.00;FLOAT
0.813;0.813;8.60;FLOAT
0.814;0.814;7.70;FLOAT
0.815;0.815;7.40;FLOAT
0.816;0.816;7.50;FLOAT
0.817;0.817;7.90;FLOAT
0.818;0.818;8.60;FLOAT
0.819;0.819;9.30;FLOAT
0.82;0.82;9.70;FLOAT
0.821;0.821;9.50;FLOAT
0.822;0.822;8.30;FLOAT
0.823;0.823;6.20;FLOAT
0.824;0.824;3.70;FLOAT
0.825;0.825;1.50;FLOAT
0.826;0.826;0.10;FLOAT
0.827;0.827;-0.10;FLOAT
0.828;0.828;0.70;FLOAT
0.829;0.829;2.10;FLOAT
0.83;0.83;3.60;FLOAT
0.831;0.831;4.90;FLOAT
0.832;0.832;5.60;FLOAT
0.833;0.833;5.50;FLOAT
0.834;0.834;4.40;FLOAT
0.835;0.835;2.70;FLOAT
0.836;0.836;0.90;FLOAT
0.837;0.837;0.20;FLOAT
0.838;0.838;1.10;FLOAT
0.839;0.839;3.50;FLOAT
0.84;0.84;6.10;FLOAT
0.841;0.841;7.30;FLOAT
0.842;0.842;6.20;FLOAT
0.843;0.843;3.00;FLOAT
0.844;0.844;-0.80;FLOAT
0.845;0.845;-3.40;FLOAT
0.846;0.846;-3.70;FLOAT
0.847;0.847;-2.30;FLOAT
0.848;0.848;-0.70;FLOAT
0.849;0.849;-0.50;FLOAT
0.85;0.85;-2.20;FLOAT
0.851;0.851;-5.00;FLOAT
0.852;0.852;-7.40;FLOAT
0.853;0.853;-8.40;FLOAT
0.854;0.854;-7.80;FLOAT
0.855;0.855;-6.60;FLOAT
0.856;0.856;-5.60;FLOAT
0.857;0.857;-5.00;FLOAT
0.858;0.858;-4.40;FLOAT
0.859;0.859;-3.20;FLOAT
0.86;0.86;-1.30;FLOAT
0.861;0.861;0.50;FLOAT
0.862;0.862;1.40;FLOAT
0.863;0.863;0.90;FLOAT
0.864;0.864;-0.70;FLOAT
0.865;0.865;-2.40;FLOAT
0.866;0.866;-3.50;FLOAT
0.867;0.867;-3.60;FLOAT
0.868;0.868;-3.50;FLOAT
0.869;0.869;-4.00;FLOAT
0.87;0.87;-5.60;FLOAT
0.871;0.871;-8.00;FLOAT
0.872;0.872;-10.10;FLOAT
0.873;0.873;-11.00;FLOAT
0.874;0.874;-10.30;FLOAT
0.875;0.875;-8.60;FLOAT
0.876;0.876;-6.90;FLOAT
0.877;0.877;-6.30;FLOAT
0.878;0.878;-6.80;FLOAT
0.879;0.879;-7.90;FLOAT
0.88;0.88;-8.40;FLOAT
0.881;0.881;-7.90;FLOAT
0.882;0.882;-6.50;FLOAT
0.883;0.883;-5.30;FLOAT
0.884;0.884;-5.50;FLOAT
0.885;0.885;-7.40;FLOAT
0.886;0.886;-10.20;FLOAT
0.887;0.887;-12.50;FLOAT
0.888;0.888;-13.10;FLOAT
0.889;0.889;-11.80;FLOAT
0.89;0.89;-9.30;FLOAT
0.891;0.891;-6.90;FLOAT
0.892;0.892;-5.70;FLOAT
0.893;0.893;-5.70;FLOAT
0.894;0.894;-6.40;FLOAT
0.895;0.895;-6.90;FLOAT
0.896;0.896;-6.90;FLOAT
0.897;0.897;-6.50;FLOAT
0.898;0.898;-6.20;FLOAT
0.899;0.899;-6.40;FLOAT
0.9;0.9;-7.00;FLOAT
0.901;0.901;-7.40;FLOAT
0.902;0.902;-7.20;FLOAT
0.903;0.903;-6.40;FLOAT
0.904;0.904;-5.30;FLOAT
0.905;0.905;-4.80;FLOAT
0.906;0.906;-5.10;FLOAT
0.907;0.907;-5.60;FLOAT
0.908;0.908;-5.50;FLOAT
0.909;0.909;-4.20;FLOAT
0.91;0.91;-1.70;FLOAT
0.911;0.911;0.80;FLOAT
0.912;0.912;1.90;FLOAT
0.913;0.913;0.70;FLOAT
0.914;0.914;-2.10;FLOAT
0.915;0.915;-4.70;FLOAT
0.916;0.916;-5.50;FLOAT
0.917;0.917;-3.90;FLOAT
0.918;0.918;-1.00;FLOAT
0.919;0.919;1.20;FLOAT
0.92;0.92;1.10;FLOAT
0.921;0.921;-1.30;FLOAT
0.922;0.922;-4.20;FLOAT
0.923;0.923;-5.70;FLOAT
0.924;0.924;-4.40;FLOAT
0.925;0.925;-1.00;FLOAT
0.926;0.926;2.50;FLOAT
0.927;0.927;3.90;FLOAT
0.928;0.928;2.20;FLOAT
0.929;0.929;-1.90;FLOAT
0.93;0.93;-6.20;FLOAT
0.931;0.931;-8.80;FLOAT
0.932;0.932;-8.70;FLOAT
0.933;0.933;-6.60;FLOAT
0.934;0.934;-4.20;FLOAT
0.935;0.935;-3.20;FLOAT
0.936;0.936;-4.40;FLOAT
0.937;0.937;-7.00;FLOAT
0.938;0.938;-9.00;FLOAT
0.939;0.939;-9.00;FLOAT
0.94;0.94;-6.50;FLOAT
0.941;0.941;-2.70;FLOAT
0.942;0.942;0.50;FLOAT
0.943;0.943;1.40;FLOAT
0.944;0.944;-0.20;FLOAT
0.945;0.945;-3.00;FLOAT
0.946;0.946;-5.00;FLOAT
0.947;0.947;-4.70;FLOAT
0.948;0.948;-2.30;FLOAT
0.949;0.949;0.80;FLOAT
0.95;0.95;2.70;FLOAT
0.951;0.951;2.30;FLOAT
0.952;0.952;0.30;FLOAT
0.953;0.953;-1.80;FLOAT
0.954;0.954;-2.50;FLOAT
0.955;0.955;-1.00;FLOAT
0.956;0.956;1.80;FLOAT
0.957;0.957;4.50;FLOAT
0.958;0.958;6.00;FLOAT
0.959;0.959;6.10;FLOAT
0.96;0.96;5.40;FLOAT
0.961;0.961;4.50;FLOAT
0.962;0.962;3.90;FLOAT
0.963;0.963;3.30;FLOAT
0.964;0.964;2.00;FLOAT
0.965;0.965;0.00;FLOAT
0.966;0.966;-2.50;FLOAT
0.967;0.967;-4.50;FLOAT
0.968;0.968;-5.10;FLOAT
0.969;0.969;-3.90;FLOAT
0.97;0.97;-1.30;FLOAT
0.971;0.971;1.70;FLOAT
0.972;0.972;4.10;FLOAT
0.973;0.973;5.00;FLOAT
0.974;0.974;4.20;FLOAT
0.975;0.975;2.30;FLOAT
0.976;0.976;0.20;FLOAT
0.977;0.977;-1.10;FLOAT
0.978;0.978;-1.20;FLOAT
0.979;0.979;-0.30;FLOAT
0.98;0.98;0.80;FLOAT
0.981;0.981;1.40;FLOAT
0.982;0.982;1.00;FLOAT
0.983;0.983;-0.20;FLOAT
0.984;0.984;-1.70;FLOAT
0.985;0.985;-2.70;FLOAT
0.986;0.986;-3.10;FLOAT
0.987;0.987;-3.10;FLOAT
0.988;0.988;-3.50;FLOAT
0.989;0.989;-4.50;FLOAT
0.99;0.99;-5.70;FLOAT
0.991;0.991;-6.40;FLOAT
0.992;0.992;-5.90;FLOAT
0.993;0.993;-4.10;FLOAT
0.994;0.994;-2.10;FLOAT
0.995;0.995;-1.20;FLOAT
0.996;0.996;-2.40;FLOAT
0.997;0.997;-5.40;FLOAT
0.998;0.998;-9.10;FLOAT
0.999;0.999;-12.10;FLOAT
1;1;-13.60;FLOAT
1.001;1.001;-13.70;FLOAT
1.002;1.002;-13.20;FLOAT
1.003;1.003;-12.70;FLOAT
1.004;1.004;-12.50;FLOAT
1.005;1.005;-12.20;FLOAT
1.006;1.006;-11.50;FLOAT
1.007;1.007;-10.60;FLOAT
1.008;1.008;-9.90;FLOAT
1.009;1.009;-10.00;FLOAT
1.01;1.01;-11.00;FLOAT
1.011;1.011;-12.50;FLOAT
1.012;1.012;-13.90;FLOAT
1.013;1.013;-14.80;FLOAT
1.014;1.014;-15.40;FLOAT
1.015;1.015;-15.90;FLOAT
1.016;1.016;-16.50;FLOAT
1.017;1.017;-17.00;FLOAT
1.018;1.018;-16.80;FLOAT
1.019;1.019;-15.60;FLOAT
1.02;1.02;-13.60;FLOAT
1.021;1.021;-11.40;FLOAT
1.022;1.022;-10.20;FLOAT
1.023;1.023;-10.60;FLOAT
1.024;1.024;-12.50;FLOAT
1.025;1.025;-15.10;FLOAT
1.026;1.026;-17.00;FLOAT
1.027;1.027;-17.00;FLOAT
1.028;1.028;-15.00;FLOAT
1.029;1.029;-11.60;FLOAT
1.03;1.03;-8.30;FLOAT
1.031;1.031;-6.70;FLOAT
1.032;1.032;-7.40;FLOAT
1.033;1.033;-10.30;FLOAT
1.034;1.034;-14.10;FLOAT
1.035;1.035;-17.20;FLOAT
1.036;1.036;-18.70;FLOAT
1.037;1.037;-18.40;FLOAT
1.038;1.038;-17.10;FLOAT
1.039;1.039;-15.80;FLOAT
1.04;1.04;-15.10;FLOAT
1.041;1.041;-15.10;FLOAT
1.042;1.042;-15.20;FLOAT
1.043;1.043;-15.10;FLOAT
1.044;1.044;-14.40;FLOAT
1.045;1.045;-13.60;FLOAT
1.046;1.046;-13.00;FLOAT
1.047;1.047;-12.90;FLOAT
1.048;1.048;-13.10;FLOAT
1.049;1.049;-13.10;FLOAT
1.05;1.05;-12.40;FLOAT
1.051;1.051;-11.10;FLOAT
1.052;1.052;-9.80;FLOAT
1.053;1.053;-9.00;FLOAT
1.054;1.054;-9.10;FLOAT
1.055;1.055;-10.20;FLOAT
1.056;1.056;-11.60;FLOAT
1.057;1.057;-12.70;FLOAT
1.058;1.058;-13.20;FLOAT
1.059;1.059;-13.20;FLOAT
1.06;1.06;-13.00;FLOAT
1.061;1.061;-12.50;FLOAT
1.062;1.062;-11.70;FLOAT
1.063;1.063;-10.60;FLOAT
1.064;1.064;-9.40;FLOAT
1.065;1.065;-8.60;FLOAT
1.066;1.066;-8.90;FLOAT
1.067;1.067;-10.20;FLOAT
1.068;1.068;-11.80;FLOAT
1.069;1.069;-12.70;FLOAT
1.07;1.07;-12.20;FLOAT
1.071;1.071;-10.50;FLOAT
1.072;1.072;-8.90;FLOAT
1.073;1.073;-8.70;FLOAT
1.074;1.074;-10.30;FLOAT
1.075;1.075;-12.70;FLOAT
1.076;1.076;-14.30;FLOAT
1.077;1.077;-13.80;FLOAT
1.078;1.078;-11.20;FLOAT
1.079;1.079;-8.00;FLOAT
1.08;1.08;-6.10;FLOAT
1.081;1.081;-6.50;FLOAT
1.082;1.082;-9.10;FLOAT
1.083;1.083;-12.30;FLOAT
1.084;1.084;-14.40;FLOAT
1.085;1.085;-14.60;FLOAT
1.086;1.086;-13.40;FLOAT
1.087;1.087;-12.10;FLOAT
1.088;1.088;-12.10;FLOAT
1.089;1.089;-13.60;FLOAT
1.09;1.09;-15.90;FLOAT
1.091;1.091;-17.60;FLOAT
1.092;1.092;-17.50;FLOAT
1.093;1.093;-15.30;FLOAT
1.094;1.094;-12.10;FLOAT
1.095;1.095;-10.00;FLOAT
1.096;1.096;-10.20;FLOAT
1.097;1.097;-13.10;FLOAT
1.098;1.098;-17.20;FLOAT
1.099;1.099;-20.40;FLOAT
1.1;1.1;-20.50;FLOAT
1.101;1.101;-17.20;FLOAT
1.102;1.102;-11.80;FLOAT
1.103;1.103;-6.70;FLOAT
1.104;1.104;-3.50;FLOAT
1.105;1.105;-2.60;FLOAT
1.106;1.106;-2.30;FLOAT
1.107;1.107;-0.10;FLOAT
1.108;1.108;6.00;FLOAT
1.109;1.109;15.90;FLOAT
1.11;1.11;28.10;FLOAT
1.111;1.111;40.40;FLOAT
1.112;1.112;50.90;FLOAT
1.113;1.113;59.30;FLOAT
1.114;1.114;66.10;FLOAT
1.115;1.115;71.70;FLOAT
1.116;1.116;75.80;FLOAT
1.117;1.117;77.50;FLOAT
1.118;1.118;75.20;FLOAT
1.119;1.119;68.30;FLOAT
1.12;1.12;57.40;FLOAT
1.121;1.121;43.90;FLOAT
1.122;1.122;29.60;FLOAT
1.123;1.123;15.90;FLOAT
1.124;1.124;3.10;FLOAT
1.125;1.125;-9.30;FLOAT
1.126;1.126;-21.60;FLOAT
1.127;1.127;-33.60;FLOAT
1.128;1.128;-44.50;FLOAT
1.129;1.129;-53.10;FLOAT
1.13;1.13;-58.30;FLOAT
1.131;1.131;-60.00;FLOAT
1.132;1.132;-58.20;FLOAT
1.133;1.133;-53.80;FLOAT
1.134;1.134;-47.40;FLOAT
1.135;1.135;-40.10;FLOAT
1.136;1.136;-32.80;FLOAT
1.137;1.137;-26.30;FLOAT
1.138;1.138;-21.60;FLOAT
1.139;1.139;-18.70;FLOAT
1.14;1.14;-17.30;FLOAT
1.141;1.141;-16.60;FLOAT
1.142;1.142;-15.70;FLOAT
1.143;1.143;-14.20;FLOAT
1.144;1.144;-11.90;FLOAT
1.145;1.145;-9.30;FLOAT
1.146;1.146;-7.00;FLOAT
1.147;1.147;-5.30;FLOAT
1.148;1.148;-4.40;FLOAT
1.149;1.149;-4.20;FLOAT
1.15;1.15;-4.50;FLOAT
1.151;1.151;-5.20;FLOAT
1.152;1.152;-6.10;FLOAT
1.153;1.153;-7.10;FLOAT
1.154;1.154;-8.00;FLOAT
1.155;1.155;-8.80;FLOAT
1.156;1.156;-9.60;FLOAT
1.157;1.157;-10.50;FLOAT
1.158;1.158;-11.50;FLOAT
1.159;1.159;-12.50;FLOAT
1.16;1.16;-13.10;FLOAT
1.161;1.161;-12.80;FLOAT
1.162;1.162;-11.70;FLOAT
1.163;1.163;-9.90;FLOAT
1.164;1.164;-8.30;FLOAT
1.165;1.165;-7.30;FLOAT
1.166;1.166;-7.30;FLOAT
1.167;1.167;-8.00;FLOAT
1.168;1.168;-9.00;FLOAT
1.169;1.169;-9.70;FLOAT
1.17;1.17;-9.80;FLOAT
1.171;1.171;-9.40;FLOAT
1.172;1.172;-8.80;FLOAT
1.173;1.173;-8.30;FLOAT
1.174;1.174;-8.00;FLOAT
1.175;1.175;-7.90;FLOAT
1.176;1.176;-7.90;FLOAT
1.177;1.177;-8.10;FLOAT
1.178;1.178;-8.70;FLOAT
1.179;1.179;-9.70;FLOAT
1.18;1.18;-10.50;FLOAT
1.181;1.181;-10.50;FLOAT
1.182;1.182;-9.20;FLOAT
1.183;1.183;-6.70;FLOAT
1.184;1.184;-4.00;FLOAT
1.185;1.185;-2.30;FLOAT
1.186;1.186;-2.60;FLOAT
1.187;1.187;-4.80;FLOAT
1.188;1.188;-7.60;FLOAT
1.189;1.189;-9.50;FLOAT
1.19;1.19;-9.70;FLOAT
1.191;1.191;-8.40;FLOAT
1.192;1.192;-6.70;FLOAT
1.193;1.193;-5.60;FLOAT
1.194;1.194;-5.70;FLOAT
1.195;1.195;-6.30;FLOAT
1.196;1.196;-6.70;FLOAT
1.197;1.197;-6.40;FLOAT
1.198;1.198;-5.70;FLOAT
1.199;1.199;-5.20;FLOAT
1.2;1.2;-5.40;FLOAT
1.201;1.201;-5.80;FLOAT
1.202;1.202;-5.90;FLOAT
1.203;1.203;-5.10;FLOAT
1.204;1.204;-3.40;FLOAT
1.205;1.205;-1.90;FLOAT
1.206;1.206;-1.40;FLOAT
1.207;1.207;-2.40;FLOAT
1.208;1.208;-4.30;FLOAT
1.209;1.209;-6.30;FLOAT
1.21;1.21;-7.60;FLOAT
1.211;1.211;-8.30;FLOAT
1.212;1.212;-8.70;FLOAT
1.213;1.213;-9.40;FLOAT
1.214;1.214;-10.00;FLOAT
1.215;1.215;-10.10;FLOAT
1.216;1.216;-9.00;FLOAT
1.217;1.217;-6.70;FLOAT
1.218;1.218;-3.70;FLOAT
1.219;1.219;-1.30;FLOAT
1.22;1.22;-0.40;FLOAT
1.221;1.221;-1.20;FLOAT
1.222;1.222;-3.30;FLOAT
1.223;1.223;-5.90;FLOAT
1.224;1.224;-8.10;FLOAT
1.225;1.225;-9.30;FLOAT
1.226;1.226;-9.30;FLOAT
1.227;1.227;-8.00;FLOAT
1.228;1.228;-6.00;FLOAT
1.229;1.229;-4.10;FLOAT
1.23;1.23;-3.20;FLOAT
1.231;1.231;-3.70;FLOAT
1.232;1.232;-5.50;FLOAT
1.233;1.233;-7.80;FLOAT
1.234;1.234;-9.50;FLOAT
1.235;1.235;-9.90;FLOAT
1.236;1.236;-9.10;FLOAT
1.237;1.237;-7.80;FLOAT
1.238;1.238;-6.70;FLOAT
1.239;1.239;-5.90;FLOAT
1.24;1.24;-5.30;FLOAT
1.241;1.241;-4.60;FLOAT
1.242;1.242;-3.80;FLOAT
1.243;1.243;-3.70;FLOAT
1.244;1.244;-4.60;FLOAT
1.245;1.245;-6.60;FLOAT
1.246;1.246;-8.60;FLOAT
1.247;1.247;-9.60;FLOAT
1.248;1.248;-8.80;FLOAT
1.249;1.249;-6.60;FLOAT
1.25;1.25;-4.30;FLOAT
1.251;1.251;-3.20;FLOAT
1.252;1.252;-3.80;FLOAT
1.253;1.253;-5.30;FLOAT
1.254;1.254;-6.60;FLOAT
1.255;1.255;-6.60;FLOAT
1.256;1.256;-5.20;FLOAT
1.257;1.257;-3.10;FLOAT
1.258;1.258;-1.40;FLOAT
1.259;1.259;-0.90;FLOAT
1.26;1.26;-1.80;FLOAT
1.261;1.261;-3.70;FLOAT
1.262;1.262;-5.90;FLOAT
1.263;1.263;-7.60;FLOAT
1.264;1.264;-8.10;FLOAT
1.265;1.265;-7.20;FLOAT
1.266;1.266;-5.40;FLOAT
1.267;1.267;-3.50;FLOAT
1.268;1.268;-2.80;FLOAT
1.269;1.269;-4.00;FLOAT
1.27;1.27;-6.60;FLOAT
1.271;1.271;-9.80;FLOAT
1.272;1.272;-12.00;FLOAT
1.273;1.273;-12.40;FLOAT
1.274;1.274;-11.20;FLOAT
1.275;1.275;-9.40;FLOAT
1.276;1.276;-8.20;FLOAT
1.277;1.277;-8.20;FLOAT
1.278;1.278;-9.20;FLOAT
1.279;1.279;-10.40;FLOAT
1.28;1.28;-11.10;FLOAT
1.281;1.281;-10.70;FLOAT
1.282;1.282;-9.70;FLOAT
1.283;1.283;-8.60;FLOAT
1.284;1.284;-8.30;FLOAT
1.285;1.285;-9.00;FLOAT
1.286;1.286;-10.60;FLOAT
1.287;1.287;-12.50;FLOAT
1.288;1.288;-13.60;FLOAT
1.289;1.289;-13.30;FLOAT
1.29;1.29;-11.50;FLOAT
1.291;1.291;-8.90;FLOAT
1.292;1.292;-6.70;FLOAT
1.293;1.293;-5.90;FLOAT
1.294;1.294;-6.40;FLOAT
1.295;1.295;-7.60;FLOAT
1.296;1.296;-8.30;FLOAT
1.297;1.297;-7.90;FLOAT
1.298;1.298;-7.00;FLOAT
1.299;1.299;-6.90;FLOAT
1.3;1.3;-8.40;FLOAT
1.301;1.301;-11.40;FLOAT
1.302;1.302;-14.40;FLOAT
1.303;1.303;-15.80;FLOAT
1.304;1.304;-14.80;FLOAT
1.305;1.305;-11.90;FLOAT
1.306;1.306;-8.90;FLOAT
1.307;1.307;-7.20;FLOAT
1.308;1.308;-7.20;FLOAT
1.309;1.309;-8.00;FLOAT
1.31;1.31;-8.30;FLOAT
1.311;1.311;-7.50;FLOAT
1.312;1.312;-6.30;FLOAT
1.313;1.313;-6.10;FLOAT
1.314;1.314;-8.00;FLOAT
1.315;1.315;-11.60;FLOAT
1.316;1.316;-15.70;FLOAT
1.317;1.317;-18.50;FLOAT
1.318;1.318;-19.10;FLOAT
1.319;1.319;-17.50;FLOAT
1.32;1.32;-14.70;FLOAT
1.321;1.321;-12.00;FLOAT
1.322;1.322;-10.10;FLOAT
1.323;1.323;-9.30;FLOAT
1.324;1.324;-9.80;FLOAT
1.325;1.325;-11.20;FLOAT
1.326;1.326;-13.20;FLOAT
1.327;1.327;-15.10;FLOAT
1.328;1.328;-16.50;FLOAT
1.329;1.329;-17.10;FLOAT
1.33;1.33;-17.10;FLOAT
1.331;1.331;-16.60;FLOAT
1.332;1.332;-16.20;FLOAT
1.333;1.333;-15.70;FLOAT
1.334;1.334;-14.70;FLOAT
1.335;1.335;-12.80;FLOAT
1.336;1.336;-10.10;FLOAT
1.337;1.337;-7.10;FLOAT
1.338;1.338;-4.90;FLOAT
1.339;1.339;-4.20;FLOAT
1.34;1.34;-4.90;FLOAT
1.341;1.341;-6.40;FLOAT
1.342;1.342;-7.50;FLOAT
1.343;1.343;-7.90;FLOAT
1.344;1.344;-7.70;FLOAT
1.345;1.345;-7.30;FLOAT
1.346;1.346;-7.50;FLOAT
1.347;1.347;-8.50;FLOAT
1.348;1.348;-9.70;FLOAT
1.349;1.349;-10.50;FLOAT
1.35;1.35;-10.30;FLOAT
1.351;1.351;-8.90;FLOAT
1.352;1.352;-6.90;FLOAT
1.353;1.353;-4.90;FLOAT
1.354;1.354;-3.50;FLOAT
1.355;1.355;-3.30;FLOAT
1.356;1.356;-4.30;FLOAT
1.357;1.357;-6.20;FLOAT
1.358;1.358;-8.60;FLOAT
1.359;1.359;-11.00;FLOAT
1.36;1.36;-13.00;FLOAT
1.361;1.361;-13.90;FLOAT
1.362;1.362;-13.50;FLOAT
1.363;1.363;-12.00;FLOAT
1.364;1.364;-9.80;FLOAT
1.365;1.365;-7.70;FLOAT
1.366;1.366;-6.60;FLOAT
1.367;1.367;-6.70;FLOAT
1.368;1.368;-7.90;FLOAT
1.369;1.369;-9.20;FLOAT
1.37;1.37;-9.80;FLOAT
1.371;1.371;-9.40;FLOAT
1.372;1.372;-8.10;FLOAT
1.373;1.373;-6.70;FLOAT
1.374;1.374;-5.80;FLOAT
1.375;1.375;-5.80;FLOAT
1.376;1.376;-6.40;FLOAT
1.377;1.377;-7.40;FLOAT
1.378;1.378;-8.70;FLOAT
1.379;1.379;-9.90;FLOAT
1.38;1.38;-10.90;FLOAT
1.381;1.381;-11.30;FLOAT
1.382;1.382;-10.70;FLOAT
1.383;1.383;-9.20;FLOAT
1.384;1.384;-6.90;FLOAT
1.385;1.385;-4.60;FLOAT
1.386;1.386;-2.70;FLOAT
1.387;1.387;-1.50;FLOAT
1.388;1.388;-0.80;FLOAT
1.389;1.389;-0.50;FLOAT
1.39;1.39;-0.80;FLOAT
1.391;1.391;-1.90;FLOAT
1.392;1.392;-3.80;FLOAT
1.393;1.393;-6.10;FLOAT
1.394;1.394;-7.80;FLOAT
1.395;1.395;-8.00;FLOAT
1.396;1.396;-6.50;FLOAT
1.397;1.397;-4.40;FLOAT
1.398;1.398;-2.90;FLOAT
1.399;1.399;-3.10;FLOAT
1.4;1.4;-5.10;FLOAT
1.401;1.401;-7.90;FLOAT
1.402;1.402;-10.00;FLOAT
1.403;1.403;-10.40;FLOAT
1.404;1.404;-9.00;FLOAT
1.405;1.405;-6.70;FLOAT
1.406;1.406;-4.60;FLOAT
1.407;1.407;-3.40;FLOAT
1.408;1.408;-3.20;FLOAT
1.409;1.409;-3.80;FLOAT
1.41;1.41;-4.60;FLOAT
1.411;1.411;-4.90;FLOAT
1.412;1.412;-4.50;FLOAT
1.413;1.413;-3.30;FLOAT
1.414;1.414;-1.90;FLOAT
1.415;1.415;-0.50;FLOAT
1.416;1.416;0.30;FLOAT
1.417;1.417;0.40;FLOAT
1.418;1.418;0.00;FLOAT
1.419;1.419;-0.40;FLOAT
1.42;1.42;-0.50;FLOAT
1.421;1.421;-0.30;FLOAT
1.422;1.422;-0.10;FLOAT
1.423;1.423;-0.10;FLOAT
1.424;1.424;-0.50;FLOAT
1.425;1.425;-1.00;FLOAT
1.426;1.426;-1.20;FLOAT
1.427;1.427;-1.00;FLOAT
1.428;1.428;-0.40;FLOAT
1.429;1.429;0.10;FLOAT
1.43;1.43;0.10;FLOAT
1.431;1.431;-0.40;FLOAT
1.432;1.432;-1.40;FLOAT
1.433;1.433;-2.30;FLOAT
1.434;1.434;-2.90;FLOAT
1.435;1.435;-3.00;FLOAT
1.436;1.436;-2.80;FLOAT
1.437;1.437;-2.60;FLOAT
1.438;1.438;-2.70;FLOAT
1.439;1.439;-2.80;FLOAT
1.44;1.44;-3.00;FLOAT
1.441;1.441;-3.10;FLOAT
1.442;1.442;-3.20;FLOAT
1.443;1.443;-3.30;FLOAT
1.444;1.444;-3.70;FLOAT
1.445;1.445;-4.40;FLOAT
1.446;1.446;-5.20;FLOAT
1.447;1.447;-5.90;FLOAT
1.448;1.448;-6.20;FLOAT
1.449;1.449;-6.20;FLOAT
1.45;1.45;-6.10;FLOAT
1.451;1.451;-6.00;FLOAT
1.452;1.452;-6.00;FLOAT
1.453;1.453;-6.00;FLOAT
1.454;1.454;-5.60;FLOAT
1.455;1.455;-4.60;FLOAT
1.456;1.456;-3.30;FLOAT
1.457;1.457;-2.30;FLOAT
1.458;1.458;-2.30;FLOAT
1.459;1.459;-3.90;FLOAT
1.46;1.46;-6.60;FLOAT
1.461;1.461;-9.70;FLOAT
1.462;1.462;-11.70;FLOAT
1.463;1.463;-11.80;FLOAT
1.464;1.464;-9.80;FLOAT
1.465;1.465;-6.70;FLOAT
1.466;1.466;-3.90;FLOAT
1.467;1.467;-2.50;FLOAT
1.468;1.468;-3.00;FLOAT
1.469;1.469;-4.60;FLOAT
1.47;1.47;-6.20;FLOAT
1.471;1.471;-6.90;FLOAT
1.472;1.472;-6.70;FLOAT
1.473;1.473;-6.20;FLOAT
1.474;1.474;-6.20;FLOAT
1.475;1.475;-6.70;FLOAT
1.476;1.476;-7.40;FLOAT
1.477;1.477;-7.40;FLOAT
1.478;1.478;-6.30;FLOAT
1.479;1.479;-4.70;FLOAT
1.48;1.48;-3.50;FLOAT
1.481;1.481;-3.60;FLOAT
1.482;1.482;-5.10;FLOAT
1.483;1.483;-6.90;FLOAT
1.484;1.484;-7.90;FLOAT
1.485;1.485;-7.50;FLOAT
1.486;1.486;-6.10;FLOAT
1.487;1.487;-4.80;FLOAT
1.488;1.488;-4.80;FLOAT
1.489;1.489;-6.60;FLOAT
1.49;1.49;-9.50;FLOAT
1.491;1.491;-12.50;FLOAT
1.492;1.492;-14.60;FLOAT
1.493;1.493;-15.60;FLOAT
1.494;1.494;-15.50;FLOAT
1.495;1.495;-14.90;FLOAT
1.496;1.496;-14.00;FLOAT
1.497;1.497;-12.80;FLOAT
1.498;1.498;-11.30;FLOAT
1.499;1.499;-9.70;FLOAT
1.5;1.5;-8.60;FLOAT
1.501;1.501;-8.60;FLOAT
1.502;1.502;-9.60;FLOAT
1.503;1.503;-11.50;FLOAT
1.504;1.504;-13.30;FLOAT
1.505;1.505;-14.30;FLOAT
1.506;1.506;-14.30;FLOAT
1.507;1.507;-13.40;FLOAT
1.508;1.508;-12.10;FLOAT
1.509;1.509;-11.00;FLOAT
1.51;1.51;-10.10;FLOAT
1.511;1.511;-9.30;FLOAT
1.512;1.512;-8.40;FLOAT
1.513;1.513;-7.60;FLOAT
1.514;1.514;-7.20;FLOAT
1.515;1.515;-8.00;FLOAT
1.516;1.516;-9.90;FLOAT
1.517;1.517;-12.50;FLOAT
1.518;1.518;-14.80;FLOAT
1.519;1.519;-15.80;FLOAT
1.52;1.52;-15.40;FLOAT
1.521;1.521;-13.90;FLOAT
1.522;1.522;-12.30;FLOAT
1.523;1.523;-11.30;FLOAT
1.524;1.524;-11.00;FLOAT
1.525;1.525;-11.00;FLOAT
1.526;1.526;-10.50;FLOAT
1.527;1.527;-9.60;FLOAT
1.528;1.528;-8.80;FLOAT
1.529;1.529;-8.60;FLOAT
1.53;1.53;-9.30;FLOAT
1.531;1.531;-10.60;FLOAT
1.532;1.532;-11.70;FLOAT
1.533;1.533;-11.90;FLOAT
1.534;1.534;-10.90;FLOAT
1.535;1.535;-9.40;FLOAT
1.536;1.536;-8.20;FLOAT
1.537;1.537;-8.00;FLOAT
1.538;1.538;-8.90;FLOAT
1.539;1.539;-10.30;FLOAT
1.54;1.54;-11.20;FLOAT
1.541;1.541;-11.00;FLOAT
1.542;1.542;-9.50;FLOAT
1.543;1.543;-7.40;FLOAT
1.544;1.544;-5.50;FLOAT
1.545;1.545;-4.90;FLOAT
1.546;1.546;-6.10;FLOAT
1.547;1.547;-8.70;FLOAT
1.548;1.548;-11.80;FLOAT
1.549;1.549;-14.20;FLOAT
1.55;1.55;-15.00;FLOAT
1.551;1.551;-14.00;FLOAT
1.552;1.552;-11.60;FLOAT
1.553;1.553;-8.70;FLOAT
1.554;1.554;-6.10;FLOAT
1.555;1.555;-4.50;FLOAT
1.556;1.556;-4.20;FLOAT
1.557;1.557;-5.50;FLOAT
1.558;1.558;-8.30;FLOAT
1.559;1.559;-12.00;FLOAT
1.56;1.56;-15.40;FLOAT
1.561;1.561;-17.10;FLOAT
1.562;1.562;-16.30;FLOAT
1.563;1.563;-13.40;FLOAT
1.564;1.564;-10.00;FLOAT
1.565;1.565;-7.90;FLOAT
1.566;1.566;-8.00;FLOAT
1.567;1.567;-9.40;FLOAT
1.568;1.568;-10.20;FLOAT
1.569;1.569;-8.60;FLOAT
1.57;1.57;-4.00;FLOAT
1.571;1.571;2.60;FLOAT
1.572;1.572;9.30;FLOAT
1.573;1.573;15.00;FLOAT
1.574;1.574;19.80;FLOAT
1.575;1.575;25.10;FLOAT
1.576;1.576;32.40;FLOAT
1.577;1.577;41.80;FLOAT
1.578;1.578;52.30;FLOAT
1.579;1.579;61.70;FLOAT
1.58;1.58;68.00;FLOAT
1.581;1.581;70.40;FLOAT
1.582;1.582;69.10;FLOAT
1.583;1.583;64.80;FLOAT
1.584;1.584;58.60;FLOAT
1.585;1.585;50.60;FLOAT
1.586;1.586;40.70;FLOAT
1.587;1.587;28.70;FLOAT
1.588;1.588;14.50;FLOAT
1.589;1.589;-1.30;FLOAT
1.59;1.59;-17.50;FLOAT
1.591;1.591;-32.30;FLOAT
1.592;1.592;-43.80;FLOAT
1.593;1.593;-51.00;FLOAT
1.594;1.594;-53.90;FLOAT
1.595;1.595;-53.70;FLOAT
1.596;1.596;-52.00;FLOAT
1.597;1.597;-50.10;FLOAT
1.598;1.598;-48.70;FLOAT
1.599;1.599;-47.40;FLOAT
1.6;1.6;-45.40;FLOAT
1.601;1.601;-42.00;FLOAT
1.602;1.602;-37.00;FLOAT
1.603;1.603;-30.70;FLOAT
1.604;1.604;-24.00;FLOAT
1.605;1.605;-17.80;FLOAT
1.606;1.606;-12.90;FLOAT
1.607;1.607;-9.80;FLOAT
1.608;1.608;-8.60;FLOAT
1.609;1.609;-8.70;FLOAT
1.61;1.61;-9.40;FLOAT
1.611;1.611;-9.70;FLOAT
1.612;1.612;-9.30;FLOAT
1.613;1.613;-8.40;FLOAT
1.614;1.614;-7.60;FLOAT
1.615;1.615;-7.50;FLOAT
1.616;1.616;-8.30;FLOAT
1.617;1.617;-9.70;FLOAT
1.618;1.618;-11.00;FLOAT
1.619;1.619;-11.60;FLOAT
1.62;1.62;-11.00;FLOAT
1.621;1.621;-9.60;FLOAT
1.622;1.622;-7.70;FLOAT
1.623;1.623;-6.10;FLOAT
1.624;1.624;-5.50;FLOAT
1.625;1.625;-6.10;FLOAT
1.626;1.626;-7.90;FLOAT
1.627;1.627;-10.20;FLOAT
1.628;1.628;-12.00;FLOAT
1.629;1.629;-12.50;FLOAT
1.63;1.63;-11.10;FLOAT
1.631;1.631;-8.50;FLOAT
1.632;1.632;-5.60;FLOAT
1.633;1.633;-3.40;FLOAT
1.634;1.634;-2.60;FLOAT
1.635;1.635;-3.20;FLOAT
1.636;1.636;-4.50;FLOAT
1.637;1.637;-5.90;FLOAT
1.638;1.638;-6.80;FLOAT
1.639;1.639;-7.00;FLOAT
1.64;1.64;-6.50;FLOAT
1.641;1.641;-5.70;FLOAT
1.642;1.642;-4.90;FLOAT
1.643;1.643;-4.10;FLOAT
1.644;1.644;-3.50;FLOAT
1.645;1.645;-3.00;FLOAT
1.646;1.646;-2.60;FLOAT
1.647;1.647;-2.10;FLOAT
1.648;1.648;-1.80;FLOAT
1.649;1.649;-1.90;FLOAT
1.65;1.65;-2.50;FLOAT
1.651;1.651;-3.40;FLOAT
1.652;1.652;-4.00;FLOAT
1.653;1.653;-3.80;FLOAT
1.654;1.654;-2.90;FLOAT
1.655;1.655;-1.80;FLOAT
1.656;1.656;-1.20;FLOAT
1.657;1.657;-1.90;FLOAT
1.658;1.658;-3.50;FLOAT
1.659;1.659;-5.30;FLOAT
1.66;1.66;-6.30;FLOAT
1.661;1.661;-6.30;FLOAT
1.662;1.662;-5.60;FLOAT
1.663;1.663;-5.20;FLOAT
1.664;1.664;-5.50;FLOAT
1.665;1.665;-6.20;FLOAT
1.666;1.666;-6.40;FLOAT
1.667;1.667;-5.20;FLOAT
1.668;1.668;-2.70;FLOAT
1.669;1.669;-0.20;FLOAT
1.67;1.67;1.00;FLOAT
1.671;1.671;0.10;FLOAT
1.672;1.672;-2.10;FLOAT
1.673;1.673;-3.70;FLOAT
1.674;1.674;-3.10;FLOAT
1.675;1.675;0.00;FLOAT
1.676;1.676;4.10;FLOAT
1.677;1.677;7.00;FLOAT
1.678;1.678;6.90;FLOAT
1.679;1.679;3.80;FLOAT
1.68;1.68;-0.50;FLOAT
1.681;1.681;-3.60;FLOAT
1.682;1.682;-4.20;FLOAT
1.683;1.683;-2.40;FLOAT
1.684;1.684;-0.10;FLOAT
1.685;1.685;1.00;FLOAT
1.686;1.686;0.20;FLOAT
1.687;1.687;-1.60;FLOAT
1.688;1.688;-3.00;FLOAT
1.689;1.689;-2.60;FLOAT
1.69;1.69;-0.70;FLOAT
1.691;1.691;1.60;FLOAT
1.692;1.692;2.80;FLOAT
1.693;1.693;2.30;FLOAT
1.694;1.694;0.50;FLOAT
1.695;1.695;-1.40;FLOAT
1.696;1.696;-2.40;FLOAT
1.697;1.697;-2.10;FLOAT
1.698;1.698;-1.00;FLOAT
1.699;1.699;0.10;FLOAT
1.7;1.7;0.80;FLOAT
1.701;1.701;0.70;FLOAT
1.702;1.702;0.00;FLOAT
1.703;1.703;-1.20;FLOAT
1.704;1.704;-2.70;FLOAT
1.705;1.705;-4.40;FLOAT
1.706;1.706;-5.50;FLOAT
1.707;1.707;-5.30;FLOAT
1.708;1.708;-3.40;FLOAT
1.709;1.709;-0.10;FLOAT
1.71;1.71;3.60;FLOAT
1.711;1.711;6.00;FLOAT
1.712;1.712;6.30;FLOAT
1.713;1.713;4.50;FLOAT
1.714;1.714;2.10;FLOAT
1.715;1.715;0.50;FLOAT
1.716;1.716;0.70;FLOAT
1.717;1.717;2.60;FLOAT
1.718;1.718;5.10;FLOAT
1.719;1.719;6.90;FLOAT
1.72;1.72;6.90;FLOAT
1.721;1.721;5.20;FLOAT
1.722;1.722;2.20;FLOAT
1.723;1.723;-1.10;FLOAT
1.724;1.724;-3.50;FLOAT
1.725;1.725;-4.50;FLOAT
1.726;1.726;-3.70;FLOAT
1.727;1.727;-1.30;FLOAT
1.728;1.728;1.70;FLOAT
1.729;1.729;4.30;FLOAT
1.73;1.73;5.60;FLOAT
1.731;1.731;5.50;FLOAT
1.732;1.732;4.30;FLOAT
1.733;1.733;2.80;FLOAT
1.734;1.734;1.60;FLOAT
1.735;1.735;0.90;FLOAT
1.736;1.736;0.30;FLOAT
1.737;1.737;-0.20;FLOAT
1.738;1.738;-0.50;FLOAT
1.739;1.739;-0.30;FLOAT
1.74;1.74;0.80;FLOAT
1.741;1.741;2.40;FLOAT
1.742;1.742;4.10;FLOAT
1.743;1.743;5.00;FLOAT
1.744;1.744;5.30;FLOAT
1.745;1.745;5.50;FLOAT
1.746;1.746;6.30;FLOAT
1.747;1.747;7.80;FLOAT
1.748;1.748;9.20;FLOAT
1.749;1.749;9.30;FLOAT
1.75;1.75;7.60;FLOAT
1.751;1.751;4.50;FLOAT
1.752;1.752;1.70;FLOAT
1.753;1.753;0.80;FLOAT
1.754;1.754;2.20;FLOAT
1.755;1.755;4.90;FLOAT
1.756;1.756;6.90;FLOAT
1.757;1.757;7.00;FLOAT
1.758;1.758;5.10;FLOAT
1.759;1.759;2.80;FLOAT
1.76;1.76;2.00;FLOAT
1.761;1.761;3.50;FLOAT
1.762;1.762;6.70;FLOAT
1.763;1.763;9.30;FLOAT
1.764;1.764;9.60;FLOAT
1.765;1.765;7.20;FLOAT
1.766;1.766;3.70;FLOAT
1.767;1.767;1.20;FLOAT
1.768;1.768;1.40;FLOAT
1.769;1.769;4.20;FLOAT
1.77;1.77;8.00;FLOAT
1.771;1.771;10.80;FLOAT
1.772;1.772;11.50;FLOAT
1.773;1.773;10.40;FLOAT
1.774;1.774;8.80;FLOAT
1.775;1.775;7.90;FLOAT
1.776;1.776;8.10;FLOAT
1.777;1.777;9.20;FLOAT
1.778;1.778;10.10;FLOAT
1.779;1.779;10.10;FLOAT
1.78;1.78;9.20;FLOAT
1.781;1.781;7.80;FLOAT
1.782;1.782;6.50;FLOAT
1.783;1.783;5.40;FLOAT
1.784;1.784;4.40;FLOAT
1.785;1.785;3.00;FLOAT
1.786;1.786;1.00;FLOAT
1.787;1.787;-1.20;FLOAT
1.788;1.788;-2.70;FLOAT
1.789;1.789;-2.50;FLOAT
1.79;1.79;-0.40;FLOAT
1.791;1.791;2.60;FLOAT
1.792;1.792;4.60;FLOAT
1.793;1.793;4.00;FLOAT
1.794;1.794;0.70;FLOAT
1.795;1.795;-3.80;FLOAT
1.796;1.796;-7.00;FLOAT
1.797;1.797;-6.80;FLOAT
1.798;1.798;-2.80;FLOAT
1.799;1.799;3.00;FLOAT
1.8;1.8;7.80;FLOAT
1.801;1.801;9.40;FLOAT
1.802;1.802;7.90;FLOAT
1.803;1.803;4.90;FLOAT
1.804;1.804;2.70;FLOAT
1.805;1.805;2.70;FLOAT
1.806;1.806;4.60;FLOAT
1.807;1.807;7.00;FLOAT
1.808;1.808;8.30;FLOAT
1.809;1.809;8.10;FLOAT
1.81;1.81;7.00;FLOAT
1.811;1.811;6.00;FLOAT
1.812;1.812;5.60;FLOAT
1.813;1.813;5.80;FLOAT
1.814;1.814;6.10;FLOAT
1.815;1.815;6.10;FLOAT
1.816;1.816;5.90;FLOAT
1.817;1.817;5.50;FLOAT
1.818;1.818;4.90;FLOAT
1.819;1.819;3.90;FLOAT
1.82;1.82;2.90;FLOAT
1.821;1.821;2.50;FLOAT
1.822;1.822;3.40;FLOAT
1.823;1.823;6.00;FLOAT
1.824;1.824;10.00;FLOAT
1.825;1.825;13.70;FLOAT
1.826;1.826;15.50;FLOAT
1.827;1.827;14.60;FLOAT
1.828;1.828;11.60;FLOAT
1.829;1.829;8.30;FLOAT
1.83;1.83;6.80;FLOAT
1.831;1.831;8.10;FLOAT
1.832;1.832;11.50;FLOAT
1.833;1.833;14.90;FLOAT
1.834;1.834;16.40;FLOAT
1.835;1.835;15.00;FLOAT
1.836;1.836;11.60;FLOAT
1.837;1.837;8.30;FLOAT
1.838;1.838;7.20;FLOAT
1.839;1.839;9.20;FLOAT
1.84;1.84;13.40;FLOAT
1.841;1.841;17.80;FLOAT
1.842;1.842;20.20;FLOAT
1.843;1.843;19.80;FLOAT
1.844;1.844;17.10;FLOAT
1.845;1.845;13.90;FLOAT
1.846;1.846;12.20;FLOAT
1.847;1.847;12.90;FLOAT
1.848;1.848;15.40;FLOAT
1.849;1.849;18.10;FLOAT
1.85;1.85;19.60;FLOAT
1.851;1.851;18.90;FLOAT
1.852;1.852;16.60;FLOAT
1.853;1.853;14.10;FLOAT
1.854;1.854;12.80;FLOAT
1.855;1.855;13.30;FLOAT
1.856;1.856;15.20;FLOAT
1.857;1.857;17.40;FLOAT
1.858;1.858;18.80;FLOAT
1.859;1.859;19.20;FLOAT
1.86;1.86;19.00;FLOAT
1.861;1.861;19.10;FLOAT
1.862;1.862;19.80;FLOAT
1.863;1.863;20.80;FLOAT
1.864;1.864;21.60;FLOAT
1.865;1.865;21.50;FLOAT
1.866;1.866;20.50;FLOAT
1.867;1.867;19.30;FLOAT
1.868;1.868;18.60;FLOAT
1.869;1.869;19.10;FLOAT
1.87;1.87;20.40;FLOAT
1.871;1.871;21.60;FLOAT
1.872;1.872;22.10;FLOAT
1.873;1.873;22.00;FLOAT
1.874;1.874;22.10;FLOAT
1.875;1.875;23.20;FLOAT
1.876;1.876;25.50;FLOAT
1.877;1.877;28.10;FLOAT
1.878;1.878;29.50;FLOAT
1.879;1.879;28.50;FLOAT
1.88;1.88;25.40;FLOAT
1.881;1.881;21.80;FLOAT
1.882;1.882;19.90;FLOAT
1.883;1.883;21.00;FLOAT
1.884;1.884;24.80;FLOAT
1.885;1.885;29.50;FLOAT
1.886;1.886;32.90;FLOAT
1.887;1.887;33.30;FLOAT
1.888;1.888;31.00;FLOAT
1.889;1.889;27.40;FLOAT
1.89;1.89;24.30;FLOAT
1.891;1.891;23.00;FLOAT
1.892;1.892;23.50;FLOAT
1.893;1.893;25.10;FLOAT
1.894;1.894;26.80;FLOAT
1.895;1.895;28.10;FLOAT
1.896;1.896;29.20;FLOAT
1.897;1.897;30.60;FLOAT
1.898;1.898;32.40;FLOAT
1.899;1.899;34.40;FLOAT
1.9;1.9;35.90;FLOAT
1.901;1.901;36.60;FLOAT
1.902;1.902;36.40;FLOAT
1.903;1.903;35.90;FLOAT
1.904;1.904;35.60;FLOAT
1.905;1.905;36.10;FLOAT
1.906;1.906;37.10;FLOAT
1.907;1.907;37.70;FLOAT
1.908;1.908;37.30;FLOAT
1.909;1.909;35.50;FLOAT
1.91;1.91;33.30;FLOAT
1.911;1.911;31.70;FLOAT
1.912;1.912;32.00;FLOAT
1.913;1.913;34.20;FLOAT
1.914;1.914;37.30;FLOAT
1.915;1.915;39.70;FLOAT
1.916;1.916;40.00;FLOAT
1.917;1.917;37.90;FLOAT
1.918;1.918;34.40;FLOAT
1.919;1.919;31.00;FLOAT
1.92;1.92;29.10;FLOAT
1.921;1.921;29.20;FLOAT
1.922;1.922;30.80;FLOAT
1.923;1.923;33.10;FLOAT
1.924;1.924;35.00;FLOAT
1.925;1.925;35.80;FLOAT
1.926;1.926;35.40;FLOAT
1.927;1.927;33.90;FLOAT
1.928;1.928;31.60;FLOAT
1.929;1.929;29.30;FLOAT
1.93;1.93;27.70;FLOAT
1.931;1.931;27.30;FLOAT
1.932;1.932;28.20;FLOAT
1.933;1.933;29.80;FLOAT
1.934;1.934;31.20;FLOAT
1.935;1.935;31.50;FLOAT
1.936;1.936;30.50;FLOAT
1.937;1.937;28.70;FLOAT
1.938;1.938;27.00;FLOAT
1.939;1.939;25.90;FLOAT
1.94;1.94;25.70;FLOAT
1.941;1.941;25.80;FLOAT
1.942;1.942;25.80;FLOAT
1.943;1.943;25.80;FLOAT
1.944;1.944;25.90;FLOAT
1.945;1.945;26.80;FLOAT
1.946;1.946;28.30;FLOAT
1.947;1.947;29.80;FLOAT
1.948;1.948;30.60;FLOAT
1.949;1.949;30.30;FLOAT
1.95;1.95;29.20;FLOAT
1.951;1.951;28.40;FLOAT
1.952;1.952;28.80;FLOAT
1.953;1.953;30.50;FLOAT
1.954;1.954;32.40;FLOAT
1.955;1.955;33.00;FLOAT
1.956;1.956;31.40;FLOAT
1.957;1.957;27.70;FLOAT
1.958;1.958;23.40;FLOAT
1.959;1.959;20.30;FLOAT
1.96;1.96;19.90;FLOAT
1.961;1.961;22.20;FLOAT
1.962;1.962;26.20;FLOAT
1.963;1.963;30.20;FLOAT
1.964;1.964;33.00;FLOAT
1.965;1.965;34.30;FLOAT
1.966;1.966;34.20;FLOAT
1.967;1.967;33.50;FLOAT
1.968;1.968;32.30;FLOAT
1.969;1.969;30.90;FLOAT
1.97;1.97;29.30;FLOAT
1.971;1.971;28.10;FLOAT
1.972;1.972;27.80;FLOAT
1.973;1.973;29.00;FLOAT
1.974;1.974;31.50;FLOAT
1.975;1.975;34.40;FLOAT
1.976;1.976;36.70;FLOAT
1.977;1.977;37.50;FLOAT
1.978;1.978;36.90;FLOAT
1.979;1.979;35.70;FLOAT
1.98;1.98;35.20;FLOAT
1.981;1.981;35.80;FLOAT
1.982;1.982;37.20;FLOAT
1.983;1.983;38.30;FLOAT
1.984;1.984;38.20;FLOAT
1.985;1.985;36.70;FLOAT
1.986;1.986;34.70;FLOAT
1.987;1.987;33.40;FLOAT
1.988;1.988;33.60;FLOAT
1.989;1.989;34.80;FLOAT
1.99;1.99;35.90;FLOAT
1.991;1.991;35.70;FLOAT
1.992;1.992;33.90;FLOAT
1.993;1.993;31.20;FLOAT
1.994;1.994;28.90;FLOAT
1.995;1.995;28.20;FLOAT
1.996;1.996;29.40;FLOAT
1.997;1.997;31.90;FLOAT
1.998;1.998;34.30;FLOAT
1.999;1.999;35.80;FLOAT
2;2;36.10;FLOAT
2.001;2.001;35.70;FLOAT
2.002;2.002;35.20;FLOAT
2.003;2.003;35.10;FLOAT
2.004;2.004;35.20;FLOAT
2.005;2.005;35.40;FLOAT
2.006;2.006;35.80;FLOAT
2.007;2.007;36.30;FLOAT
2.008;2.008;37.30;FLOAT
2.009;2.009;38.30;FLOAT
2.01;2.01;38.60;FLOAT
2.011;2.011;37.50;FLOAT
2.012;2.012;34.70;FLOAT
2.013;2.013;31.10;FLOAT
2.014;2.014;28.40;FLOAT
2.015;2.015;27.80;FLOAT
2.016;2.016;29.80;FLOAT
2.017;2.017;33.40;FLOAT
2.018;2.018;36.80;FLOAT
2.019;2.019;38.60;FLOAT
2.02;2.02;38.10;FLOAT
2.021;2.021;36.30;FLOAT
2.022;2.022;34.50;FLOAT
2.023;2.023;33.90;FLOAT
2.024;2.024;34.70;FLOAT
2.025;2.025;35.90;FLOAT
2.026;2.026;36.40;FLOAT
2.027;2.027;35.30;FLOAT
2.028;2.028;32.90;FLOAT
2.029;2.029;30.00;FLOAT
2.03;2.03;28.10;FLOAT
2.031;2.031;28.00;FLOAT
2.032;2.032;30.20;FLOAT
2.033;2.033;34.10;FLOAT
2.034;2.034;38.70;FLOAT
2.035;2.035;43.20;FLOAT
2.036;2.036;47.10;FLOAT
2.037;2.037;50.30;FLOAT
2.038;2.038;53.20;FLOAT
2.039;2.039;56.60;FLOAT
2.04;2.04;61.20;FLOAT
2.041;2.041;67.70;FLOAT
2.042;2.042;76.50;FLOAT
2.043;2.043;87.30;FLOAT
2.044;2.044;99.00;FLOAT
2.045;2.045;109.70;FLOAT
2.046;2.046;117.30;FLOAT
2.047;2.047;120.30;FLOAT
2.048;2.048;118.40;FLOAT
2.049;2.049;112.50;FLOAT
2.05;2.05;104.30;FLOAT
2.051;2.051;95.00;FLOAT
2.052;2.052;85.10;FLOAT
2.053;2.053;74.20;FLOAT
2.054;2.054;61.90;FLOAT
2.055;2.055;48.20;FLOAT
2.056;2.056;33.90;FLOAT
2.057;2.057;20.50;FLOAT
2.058;2.058;9.30;FLOAT
2.059;2.059;1.10;FLOAT
2.06;2.06;-4.10;FLOAT
2.061;2.061;-6.40;FLOAT
2.062;2.062;-6.30;FLOAT
2.063;2.063;-4.00;FLOAT
2.064;2.064;0.00;FLOAT
2.065;2.065;5.30;FLOAT
2.066;2.066;11.20;FLOAT
2.067;2.067;17.10;FLOAT
2.068;2.068;22.50;FLOAT
2.069;2.069;27.20;FLOAT
2.07;2.07;31.20;FLOAT
2.071;2.071;34.40;FLOAT
2.072;2.072;37.10;FLOAT
2.073;2.073;39.50;FLOAT
2.074;2.074;41.70;FLOAT
2.075;2.075;43.70;FLOAT
2.076;2.076;45.60;FLOAT
2.077;2.077;47.30;FLOAT
2.078;2.078;48.70;FLOAT
2.079;2.079;49.70;FLOAT
2.08;2.08;50.20;FLOAT
2.081;2.081;49.80;FLOAT
2.082;2.082;48.50;FLOAT
2.083;2.083;46.80;FLOAT
2.084;2.084;45.20;FLOAT
2.085;2.085;44.50;FLOAT
2.086;2.086;45.00;FLOAT
2.087;2.087;46.10;FLOAT
2.088;2.088;46.80;FLOAT
2.089;2.089;46.10;FLOAT
2.09;2.09;44.30;FLOAT
2.091;2.091;42.30;FLOAT
2.092;2.092;41.80;FLOAT
2.093;2.093;43.20;FLOAT
2.094;2.094;46.00;FLOAT
2.095;2.095;48.30;FLOAT
2.096;2.096;48.80;FLOAT
2.097;2.097;47.10;FLOAT
2.098;2.098;44.40;FLOAT
2.099;2.099;42.60;FLOAT
2.1;2.1;42.90;FLOAT
2.101;2.101;45.40;FLOAT
2.102;2.102;48.50;FLOAT
2.103;2.103;50.80;FLOAT
2.104;2.104;51.30;FLOAT
2.105;2.105;50.30;FLOAT
2.106;2.106;49.10;FLOAT
2.107;2.107;48.80;FLOAT
2.108;2.108;49.60;FLOAT
2.109;2.109;51.10;FLOAT
2.11;2.11;52.00;FLOAT
2.111;2.111;51.70;FLOAT
2.112;2.112;50.20;FLOAT
2.113;2.113;48.80;FLOAT
2.114;2.114;48.70;FLOAT
2.115;2.115;50.80;FLOAT
2.116;2.116;54.50;FLOAT
2.117;2.117;58.30;FLOAT
2.118;2.118;60.30;FLOAT
2.119;2.119;59.20;FLOAT
2.12;2.12;55.30;FLOAT
2.121;2.121;50.20;FLOAT
2.122;2.122;45.80;FLOAT
2.123;2.123;43.80;FLOAT
2.124;2.124;44.40;FLOAT
2.125;2.125;47.10;FLOAT
2.126;2.126;50.30;FLOAT
2.127;2.127;53.10;FLOAT
2.128;2.128;54.90;FLOAT
2.129;2.129;55.70;FLOAT
2.13;2.13;56.10;FLOAT
2.131;2.131;56.30;FLOAT
2.132;2.132;56.70;FLOAT
2.133;2.133;57.20;FLOAT
2.134;2.134;57.70;FLOAT
2.135;2.135;58.10;FLOAT
2.136;2.136;58.20;FLOAT
2.137;2.137;57.90;FLOAT
2.138;2.138;57.00;FLOAT
2.139;2.139;55.80;FLOAT
2.14;2.14;54.50;FLOAT
2.141;2.141;53.30;FLOAT
2.142;2.142;52.50;FLOAT
2.143;2.143;52.10;FLOAT
2.144;2.144;51.90;FLOAT
2.145;2.145;52.10;FLOAT
2.146;2.146;52.40;FLOAT
2.147;2.147;52.90;FLOAT
2.148;2.148;53.30;FLOAT
2.149;2.149;53.40;FLOAT
2.15;2.15;53.00;FLOAT
2.151;2.151;51.90;FLOAT
2.152;2.152;50.30;FLOAT
2.153;2.153;48.40;FLOAT
2.154;2.154;46.60;FLOAT
2.155;2.155;45.20;FLOAT
2.156;2.156;44.40;FLOAT
2.157;2.157;44.20;FLOAT
2.158;2.158;44.70;FLOAT
2.159;2.159;45.80;FLOAT
2.16;2.16;47.50;FLOAT
2.161;2.161;49.40;FLOAT
2.162;2.162;51.00;FLOAT
2.163;2.163;51.90;FLOAT
2.164;2.164;51.90;FLOAT
2.165;2.165;51.20;FLOAT
2.166;2.166;50.00;FLOAT
2.167;2.167;48.90;FLOAT
2.168;2.168;48.10;FLOAT
2.169;2.169;47.60;FLOAT
2.17;2.17;47.40;FLOAT
2.171;2.171;47.50;FLOAT
2.172;2.172;47.80;FLOAT
2.173;2.173;48.30;FLOAT
2.174;2.174;49.00;FLOAT
2.175;2.175;49.50;FLOAT
2.176;2.176;49.40;FLOAT
2.177;2.177;48.60;FLOAT
2.178;2.178;47.40;FLOAT
2.179;2.179;46.50;FLOAT
2.18;2.18;46.50;FLOAT
2.181;2.181;47.80;FLOAT
2.182;2.182;50.20;FLOAT
2.183;2.183;52.90;FLOAT
2.184;2.184;55.10;FLOAT
2.185;2.185;56.30;FLOAT
2.186;2.186;56.60;FLOAT
2.187;2.187;56.40;FLOAT
2.188;2.188;56.70;FLOAT
2.189;2.189;58.10;FLOAT
2.19;2.19;60.40;FLOAT
2.191;2.191;63.10;FLOAT
2.192;2.192;65.10;FLOAT
2.193;2.193;65.70;FLOAT
2.194;2.194;64.70;FLOAT
2.195;2.195;62.80;FLOAT
2.196;2.196;60.70;FLOAT
2.197;2.197;59.30;FLOAT
2.198;2.198;58.80;FLOAT
2.199;2.199;59.00;FLOAT
2.2;2.2;59.50;FLOAT
2.201;2.201;60.00;FLOAT
2.202;2.202;60.40;FLOAT
2.203;2.203;61.10;FLOAT
2.204;2.204;62.10;FLOAT
2.205;2.205;63.70;FLOAT
2.206;2.206;65.30;FLOAT
2.207;2.207;66.40;FLOAT
2.208;2.208;66.40;FLOAT
2.209;2.209;65.00;FLOAT
2.21;2.21;62.30;FLOAT
2.211;2.211;59.30;FLOAT
2.212;2.212;57.10;FLOAT
2.213;2.213;56.50;FLOAT
2.214;2.214;57.70;FLOAT
2.215;2.215;60.00;FLOAT
2.216;2.216;62.40;FLOAT
2.217;2.217;63.90;FLOAT
2.218;2.218;64.50;FLOAT
2.219;2.219;64.60;FLOAT
2.22;2.22;64.90;FLOAT
2.221;2.221;65.40;FLOAT
2.222;2.222;65.60;FLOAT
2.223;2.223;64.40;FLOAT
2.224;2.224;61.40;FLOAT
2.225;2.225;57.50;FLOAT
2.226;2.226;54.20;FLOAT
2.227;2.227;53.20;FLOAT
2.228;2.228;55.50;FLOAT
2.229;2.229;60.10;FLOAT
2.23;2.23;64.90;FLOAT
2.231;2.231;67.90;FLOAT
2.232;2.232;68.00;FLOAT
2.233;2.233;65.50;FLOAT
2.234;2.234;62.20;FLOAT
2.235;2.235;60.00;FLOAT
2.236;2.236;59.90;FLOAT
2.237;2.237;61.50;FLOAT
2.238;2.238;63.70;FLOAT
2.239;2.239;65.00;FLOAT
2.24;2.24;64.70;FLOAT
2.241;2.241;63.00;FLOAT
2.242;2.242;61.10;FLOAT
2.243;2.243;60.10;FLOAT
2.244;2.244;60.80;FLOAT
2.245;2.245;62.90;FLOAT
2.246;2.246;65.30;FLOAT
2.247;2.247;67.10;FLOAT
2.248;2.248;67.30;FLOAT
2.249;2.249;65.80;FLOAT
2.25;2.25;63.40;FLOAT
2.251;2.251;60.80;FLOAT
2.252;2.252;59.00;FLOAT
2.253;2.253;58.30;FLOAT
2.254;2.254;58.70;FLOAT
2.255;2.255;59.60;FLOAT
2.256;2.256;60.40;FLOAT
2.257;2.257;60.80;FLOAT
2.258;2.258;61.00;FLOAT
2.259;2.259;61.40;FLOAT
2.26;2.26;62.10;FLOAT
2.261;2.261;63.20;FLOAT
2.262;2.262;64.30;FLOAT
2.263;2.263;65.30;FLOAT
2.264;2.264;66.30;FLOAT
2.265;2.265;67.60;FLOAT
2.266;2.266;69.30;FLOAT
2.267;2.267;71.10;FLOAT
2.268;2.268;72.10;FLOAT
2.269;2.269;71.40;FLOAT
2.27;2.27;68.70;FLOAT
2.271;2.271;64.80;FLOAT
2.272;2.272;61.40;FLOAT
2.273;2.273;60.00;FLOAT
2.274;2.274;61.10;FLOAT
2.275;2.275;64.20;FLOAT
2.276;2.276;67.60;FLOAT
2.277;2.277;70.00;FLOAT
2.278;2.278;70.90;FLOAT
2.279;2.279;70.70;FLOAT
2.28;2.28;70.40;FLOAT
2.281;2.281;70.60;FLOAT
2.282;2.282;71.40;FLOAT
2.283;2.283;72.10;FLOAT
2.284;2.284;72.40;FLOAT
2.285;2.285;72.10;FLOAT
2.286;2.286;71.60;FLOAT
2.287;2.287;71.20;FLOAT
2.288;2.288;71.10;FLOAT
2.289;2.289;71.10;FLOAT
2.29;2.29;70.70;FLOAT
2.291;2.291;70.30;FLOAT
2.292;2.292;70.00;FLOAT
2.293;2.293;70.30;FLOAT
2.294;2.294;71.10;FLOAT
2.295;2.295;72.10;FLOAT
2.296;2.296;72.80;FLOAT
2.297;2.297;72.90;FLOAT
2.298;2.298;72.50;FLOAT
2.299;2.299;72.30;FLOAT
2.3;2.3;72.40;FLOAT
2.301;2.301;73.10;FLOAT
2.302;2.302;73.80;FLOAT
2.303;2.303;74.20;FLOAT
2.304;2.304;74.00;FLOAT
2.305;2.305;73.00;FLOAT
2.306;2.306;71.50;FLOAT
2.307;2.307;69.60;FLOAT
2.308;2.308;67.90;FLOAT
2.309;2.309;67.00;FLOAT
2.31;2.31;67.60;FLOAT
2.311;2.311;69.60;FLOAT
2.312;2.312;72.30;FLOAT
2.313;2.313;74.50;FLOAT
2.314;2.314;74.80;FLOAT
2.315;2.315;73.10;FLOAT
2.316;2.316;70.60;FLOAT
2.317;2.317;69.00;FLOAT
2.318;2.318;69.80;FLOAT
2.319;2.319;73.00;FLOAT
2.32;2.32;76.80;FLOAT
2.321;2.321;79.00;FLOAT
2.322;2.322;78.40;FLOAT
2.323;2.323;75.40;FLOAT
2.324;2.324;72.00;FLOAT
2.325;2.325;70.30;FLOAT
2.326;2.326;71.10;FLOAT
2.327;2.327;73.70;FLOAT
2.328;2.328;76.30;FLOAT
2.329;2.329;77.30;FLOAT
2.33;2.33;76.50;FLOAT
2.331;2.331;74.60;FLOAT
2.332;2.332;72.90;FLOAT
2.333;2.333;72.40;FLOAT
2.334;2.334;73.20;FLOAT
2.335;2.335;74.80;FLOAT
2.336;2.336;76.60;FLOAT
2.337;2.337;78.00;FLOAT
2.338;2.338;78.60;FLOAT
2.339;2.339;78.10;FLOAT
2.34;2.34;76.30;FLOAT
2.341;2.341;73.60;FLOAT
2.342;2.342;70.60;FLOAT
2.343;2.343;68.50;FLOAT
2.344;2.344;68.10;FLOAT
2.345;2.345;69.70;FLOAT
2.346;2.346;72.60;FLOAT
2.347;2.347;75.50;FLOAT
2.348;2.348;77.50;FLOAT
2.349;2.349;78.10;FLOAT
2.35;2.35;77.80;FLOAT
2.351;2.351;77.10;FLOAT
2.352;2.352;76.70;FLOAT
2.353;2.353;76.50;FLOAT
2.354;2.354;76.60;FLOAT
2.355;2.355;76.80;FLOAT
2.356;2.356;77.30;FLOAT
2.357;2.357;78.10;FLOAT
2.358;2.358;79.10;FLOAT
2.359;2.359;79.80;FLOAT
2.36;2.36;80.00;FLOAT
2.361;2.361;79.50;FLOAT
2.362;2.362;78.80;FLOAT
2.363;2.363;78.30;FLOAT
2.364;2.364;78.70;FLOAT
2.365;2.365;79.90;FLOAT
2.366;2.366;81.50;FLOAT
2.367;2.367;83.10;FLOAT
2.368;2.368;84.10;FLOAT
2.369;2.369;84.70;FLOAT
2.37;2.37;85.20;FLOAT
2.371;2.371;85.60;FLOAT
2.372;2.372;86.00;FLOAT
2.373;2.373;86.00;FLOAT
2.374;2.374;85.70;FLOAT
2.375;2.375;85.20;FLOAT
2.376;2.376;84.70;FLOAT
2.377;2.377;84.50;FLOAT
2.378;2.378;84.40;FLOAT
2.379;2.379;84.20;FLOAT
2.38;2.38;83.60;FLOAT
2.381;2.381;82.60;FLOAT
2.382;2.382;81.60;FLOAT
2.383;2.383;80.90;FLOAT
2.384;2.384;80.80;FLOAT
2.385;2.385;81.00;FLOAT
2.386;2.386;80.70;FLOAT
2.387;2.387;79.70;FLOAT
2.388;2.388;77.90;FLOAT
2.389;2.389;76.10;FLOAT
2.39;2.39;75.20;FLOAT
2.391;2.391;75.90;FLOAT
2.392;2.392;78.00;FLOAT
2.393;2.393;80.70;FLOAT
2.394;2.394;82.50;FLOAT
2.395;2.395;82.40;FLOAT
2.396;2.396;80.10;FLOAT
2.397;2.397;76.60;FLOAT
2.398;2.398;73.60;FLOAT
2.399;2.399;72.50;FLOAT
2.4;2.4;73.80;FLOAT
2.401;2.401;76.50;FLOAT
2.402;2.402;79.10;FLOAT
2.403;2.403;79.90;FLOAT
2.404;2.404;78.50;FLOAT
2.405;2.405;75.80;FLOAT
2.406;2.406;73.60;FLOAT
2.407;2.407;72.80;FLOAT
2.408;2.408;73.70;FLOAT
2.409;2.409;75.10;FLOAT
2.41;2.41;75.70;FLOAT
2.411;2.411;74.90;FLOAT
2.412;2.412;72.80;FLOAT
2.413;2.413;70.40;FLOAT
2.414;2.414;68.90;FLOAT
2.415;2.415;68.50;FLOAT
2.416;2.416;68.90;FLOAT
2.417;2.417;69.40;FLOAT
2.418;2.418;69.70;FLOAT
2.419;2.419;69.80;FLOAT
2.42;2.42;70.10;FLOAT
2.421;2.421;70.90;FLOAT
2.422;2.422;72.10;FLOAT
2.423;2.423;73.20;FLOAT
2.424;2.424;73.70;FLOAT
2.425;2.425;73.40;FLOAT
2.426;2.426;72.30;FLOAT
2.427;2.427;70.90;FLOAT
2.428;2.428;69.80;FLOAT
2.429;2.429;69.50;FLOAT
2.43;2.43;70.00;FLOAT
2.431;2.431;71.10;FLOAT
2.432;2.432;72.30;FLOAT
2.433;2.433;73.10;FLOAT
2.434;2.434;72.90;FLOAT
2.435;2.435;71.80;FLOAT
2.436;2.436;70.10;FLOAT
2.437;2.437;68.30;FLOAT
2.438;2.438;67.00;FLOAT
2.439;2.439;66.60;FLOAT
2.44;2.44;67.00;FLOAT
2.441;2.441;68.30;FLOAT
2.442;2.442;70.00;FLOAT
2.443;2.443;71.80;FLOAT
2.444;2.444;73.20;FLOAT
2.445;2.445;73.80;FLOAT
2.446;2.446;73.70;FLOAT
2.447;2.447;73.00;FLOAT
2.448;2.448;72.10;FLOAT
2.449;2.449;71.50;FLOAT
2.45;2.45;71.20;FLOAT
2.451;2.451;70.90;FLOAT
2.452;2.452;70.30;FLOAT
2.453;2.453;69.10;FLOAT
2.454;2.454;67.80;FLOAT
2.455;2.455;67.20;FLOAT
2.456;2.456;67.70;FLOAT
2.457;2.457;69.30;FLOAT
2.458;2.458;71.10;FLOAT
2.459;2.459;72.00;FLOAT
2.46;2.46;71.30;FLOAT
2.461;2.461;69.40;FLOAT
2.462;2.462;67.70;FLOAT
2.463;2.463;67.30;FLOAT
2.464;2.464;68.80;FLOAT
2.465;2.465;71.60;FLOAT
2.466;2.466;73.90;FLOAT
2.467;2.467;74.50;FLOAT
2.468;2.468;72.90;FLOAT
2.469;2.469;70.00;FLOAT
2.47;2.47;67.30;FLOAT
2.471;2.471;65.80;FLOAT
2.472;2.472;65.70;FLOAT
2.473;2.473;66.30;FLOAT
2.474;2.474;66.90;FLOAT
2.475;2.475;67.20;FLOAT
2.476;2.476;67.50;FLOAT
2.477;2.477;68.00;FLOAT
2.478;2.478;69.00;FLOAT
2.479;2.479;70.10;FLOAT
2.48;2.48;70.80;FLOAT
2.481;2.481;70.80;FLOAT
2.482;2.482;70.00;FLOAT
2.483;2.483;68.80;FLOAT
2.484;2.484;67.70;FLOAT
2.485;2.485;67.30;FLOAT
2.486;2.486;67.80;FLOAT
2.487;2.487;69.20;FLOAT
2.488;2.488;71.40;FLOAT
2.489;2.489;73.60;FLOAT
2.49;2.49;74.90;FLOAT
2.491;2.491;74.40;FLOAT
2.492;2.492;72.10;FLOAT
2.493;2.493;68.50;FLOAT
2.494;2.494;65.00;FLOAT
2.495;2.495;62.70;FLOAT
2.496;2.496;62.20;FLOAT
2.497;2.497;63.30;FLOAT
2.498;2.498;65.50;FLOAT
2.499;2.499;68.70;FLOAT
2.5;2.5;72.70;FLOAT
2.501;2.501;77.50;FLOAT
2.502;2.502;82.60;FLOAT
2.503;2.503;87.20;FLOAT
2.504;2.504;90.40;FLOAT
2.505;2.505;92.60;FLOAT
2.506;2.506;95.30;FLOAT
2.507;2.507;100.80;FLOAT
2.508;2.508;110.80;FLOAT
2.509;2.509;125.00;FLOAT
2.51;2.51;140.60;FLOAT
2.511;2.511;153.90;FLOAT
2.512;2.512;161.30;FLOAT
2.513;2.513;161.30;FLOAT
2.514;2.514;154.80;FLOAT
2.515;2.515;144.10;FLOAT
2.516;2.516;132.10;FLOAT
2.517;2.517;120.50;FLOAT
2.518;2.518;109.30;FLOAT
2.519;2.519;97.90;FLOAT
2.52;2.52;85.50;FLOAT
2.521;2.521;72.10;FLOAT
2.522;2.522;58.40;FLOAT
2.523;2.523;45.60;FLOAT
2.524;2.524;35.00;FLOAT
2.525;2.525;27.10;FLOAT
2.526;2.526;21.90;FLOAT
2.527;2.527;19.40;FLOAT
2.528;2.528;19.10;FLOAT
2.529;2.529;20.90;FLOAT
2.53;2.53;24.70;FLOAT
2.531;2.531;29.90;FLOAT
2.531;4000;0;FLOAT