"309.93614992625425","309.94614992625424","1","2","{""a"":""td"",""s"":1,""nid"":-1964740918}","98","34","98","SUCCESS","0.009999999999990905"
"309.93614992625425","309.94614992625424","1","3","{""a"":""td"",""s"":1,""nid"":-1964740918}","99","34","99","SUCCESS","0.009999999999990905"
"309.94614992625424","309.9561499262542","3","1","{""p"":""52.230419#21.007447"",""a"":""tdr"",""nid"":-1964740918,""id"":3}","30104","62","103","SUCCESS","0.009999999999990905"
"309.94614992625424","309.9561499262542","1","6","{""a"":""td"",""s"":1,""nid"":-1964740918}","104","34","104","SUCCESS","0.009999999999990905"
"309.94614992625424","309.9561499262542","2","1","{""p"":""52.230672#21.007329"",""a"":""tdr"",""nid"":-1964740918,""id"":2}","20101","62","100","SUCCESS","0.009999999999990905"
"309.94614992625424","309.9561499262542","1","7","{""a"":""td"",""s"":1,""nid"":-1964740918}","105","34","105","SUCCESS","0.009999999999990905"
"309.94614992625424","309.9561499262542","1","4","{""a"":""td"",""s"":1,""nid"":-1964740918}","101","34","101","SUCCESS","0.009999999999990905"
"309.94614992625424","309.9561499262542","1","5","{""a"":""td"",""s"":1,""nid"":-1964740918}","102","34","102","SUCCESS","0.009999999999990905"
"309.9561499262542","309.9661499262542","5","1","{""p"":""52.23082#21.007823"",""a"":""tdr"",""nid"":-1964740918,""id"":5}","50116","61","115","SUCCESS","0.009999999999990905"
"309.9561499262542","309.9661499262542","1","10","{""a"":""td"",""s"":1,""nid"":-1964740918}","110","34","110","SUCCESS","0.009999999999990905"
"309.9561499262542","309.9661499262542","1","8","{""a"":""td"",""s"":1,""nid"":-1964740918}","107","34","107","SUCCESS","0.009999999999990905"
"309.9561499262542","309.9661499262542","7","1","{""p"":""52.230537#21.006412"",""a"":""tdr"",""nid"":-1964740918,""id"":7}","70114","62","113","SUCCESS","0.009999999999990905"
"309.9561499262542","309.9661499262542","4","1","{""p"":""52.230662#21.007742"",""a"":""tdr"",""nid"":-1964740918,""id"":4}","40115","62","114","SUCCESS","0.009999999999990905"
"309.9561499262542","309.9661499262542","1","9","{""a"":""td"",""s"":1,""nid"":-1964740918}","108","34","108","SUCCESS","0.009999999999990905"
"309.9561499262542","309.9661499262542","6","1","{""p"":""52.230886#21.007512"",""a"":""tdr"",""nid"":-1964740918,""id"":6}","60110","62","109","SUCCESS","0.009999999999990905"
"309.9661499262542","309.9761499262542","10","1","{""p"":""52.229775#21.007195"",""a"":""tdr"",""nid"":-1964740918,""id"":10}","100118","63","117","SUCCESS","0.009999999999990905"
"309.9661499262542","309.9761499262542","8","1","{""p"":""52.230298#21.00639"",""a"":""tdr"",""nid"":-1964740918,""id"":8}","80119","61","118","SUCCESS","0.009999999999990905"
"309.9661499262542","309.9761499262542","9","1","{""p"":""52.231295#21.008864"",""a"":""tdr"",""nid"":-1964740918,""id"":9}","90122","62","121","SUCCESS","0.009999999999990905"
"309.9561499262542","310.18614992625425","1","3","{""a"":""in"",""s"":1,""nid"":-1964740918,""i"":""<<Immediate,o1,o2,o3,(53.721823#14.323730);(54.177929#23.380290);(49.638199#23.728027);(49.295487#15.378418),t,1,>>"",""psn"":[1]}","10107","166","106","SUCCESS","0.2300000000000182"
"309.9561499262542","310.18614992625425","1","2","{""a"":""in"",""s"":1,""nid"":-1964740918,""i"":""<<Immediate,o1,o2,o3,(53.721823#14.323730);(54.177929#23.380290);(49.638199#23.728027);(49.295487#15.378418),t,1,>>"",""psn"":[1]}","10113","166","112","SUCCESS","0.2300000000000182"
"309.9561499262542","310.18614992625425","1","3","{""a"":""in"",""s"":1,""nid"":-1964740918,""i"":""<<Immediate,o1,o2,o3,(53.721823#14.323730);(54.177929#23.380290);(49.638199#23.728027);(49.295487#15.378418),t,1,>>"",""psn"":[1]}","10112","166","111","SUCCESS","0.2300000000000182"
"310.18614992625425","310.19614992625424","2","6","{""a"":""td"",""s"":2,""nid"":-1964740918}","137","34","137","SUCCESS","0.009999999999990905"
"310.18614992625425","310.19614992625424","2","7","{""a"":""td"",""s"":2,""nid"":-1964740918}","138","34","138","SUCCESS","0.009999999999990905"
"310.18614992625425","310.19614992625424","3","4","{""a"":""td"",""s"":3,""nid"":-1964740918}","127","34","127","SUCCESS","0.009999999999990905"
"310.18614992625425","310.19614992625424","3","2","{""a"":""td"",""s"":3,""nid"":-1964740918}","126","34","126","SUCCESS","0.009999999999990905"
"310.18614992625425","310.19614992625424","2","8","{""a"":""td"",""s"":2,""nid"":-1964740918}","139","34","139","SUCCESS","0.009999999999990905"
"310.18614992625425","310.19614992625424","2","9","{""a"":""td"",""s"":2,""nid"":-1964740918}","140","34","140","SUCCESS","0.009999999999990905"
"310.18614992625425","310.19614992625424","2","10","{""a"":""td"",""s"":2,""nid"":-1964740918}","141","34","141","SUCCESS","0.009999999999990905"
"310.18614992625425","310.19614992625424","3","10","{""a"":""td"",""s"":3,""nid"":-1964740918}","133","34","133","SUCCESS","0.009999999999990905"
"309.9661499262542","310.19614992625424","1","4","{""a"":""in"",""s"":1,""nid"":-1964740918,""i"":""<<Immediate,o1,o2,o3,(53.721823#14.323730);(54.177929#23.380290);(49.638199#23.728027);(49.295487#15.378418),t,1,>>"",""psn"":[1]}","10121","166","120","SUCCESS","0.2300000000000182"
"310.18614992625425","310.19614992625424","2","5","{""a"":""td"",""s"":2,""nid"":-1964740918}","136","34","136","SUCCESS","0.009999999999990905"
"310.18614992625425","310.19614992625424","3","7","{""a"":""td"",""s"":3,""nid"":-1964740918}","130","34","130","SUCCESS","0.009999999999990905"
"310.18614992625425","310.19614992625424","3","6","{""a"":""td"",""s"":3,""nid"":-1964740918}","129","34","129","SUCCESS","0.009999999999990905"
"310.18614992625425","310.19614992625424","3","5","{""a"":""td"",""s"":3,""nid"":-1964740918}","128","34","128","SUCCESS","0.009999999999990905"
"309.9661499262542","310.19614992625424","1","6","{""a"":""in"",""s"":1,""nid"":-1964740918,""i"":""<<Immediate,o1,o2,o3,(53.721823#14.323730);(54.177929#23.380290);(49.638199#23.728027);(49.295487#15.378418),t,1,>>"",""psn"":[1]}","10123","166","122","SUCCESS","0.2300000000000182"
"309.9661499262542","310.19614992625424","1","7","{""a"":""in"",""s"":1,""nid"":-1964740918,""i"":""<<Immediate,o1,o2,o3,(53.721823#14.323730);(54.177929#23.380290);(49.638199#23.728027);(49.295487#15.378418),t,1,>>"",""psn"":[1]}","10120","166","119","SUCCESS","0.2300000000000182"
"310.18614992625425","310.19614992625424","2","4","{""a"":""td"",""s"":2,""nid"":-1964740918}","135","34","135","SUCCESS","0.009999999999990905"
"310.18614992625425","310.19614992625424","3","9","{""a"":""td"",""s"":3,""nid"":-1964740918}","132","34","132","SUCCESS","0.009999999999990905"
"310.18614992625425","310.19614992625424","3","8","{""a"":""td"",""s"":3,""nid"":-1964740918}","131","34","131","SUCCESS","0.009999999999990905"
"309.9661499262542","310.19614992625424","1","5","{""a"":""in"",""s"":1,""nid"":-1964740918,""i"":""<<Immediate,o1,o2,o3,(53.721823#14.323730);(54.177929#23.380290);(49.638199#23.728027);(49.295487#15.378418),t,1,>>"",""psn"":[1]}","10117","166","116","SUCCESS","0.2300000000000182"
"310.18614992625425","310.19614992625424","2","3","{""a"":""td"",""s"":2,""nid"":-1964740918}","134","34","134","SUCCESS","0.009999999999990905"
"310.19614992625424","310.2061499262542","5","9","{""a"":""td"",""s"":5,""nid"":-1964740918}","187","34","187","SUCCESS","0.009999999999990905"
"310.19614992625424","310.2061499262542","5","10","{""a"":""td"",""s"":5,""nid"":-1964740918}","188","34","188","SUCCESS","0.009999999999990905"
"310.19614992625424","310.2061499262542","7","3","{""p"":""52.230537#21.006412"",""a"":""tdr"",""nid"":-1964740918,""id"":7}","70160","62","159","SUCCESS","0.009999999999990905"
"310.19614992625424","310.2061499262542","4","6","{""a"":""td"",""s"":4,""nid"":-1964740918}","153","34","153","SUCCESS","0.009999999999990905"
"310.19614992625424","310.2061499262542","10","2","{""p"":""52.229775#21.007195"",""a"":""tdr"",""nid"":-1964740918,""id"":10}","100149","63","148","SUCCESS","0.009999999999990905"
"310.19614992625424","310.2061499262542","6","2","{""p"":""52.230886#21.007512"",""a"":""tdr"",""nid"":-1964740918,""id"":6}","60143","62","142","SUCCESS","0.009999999999990905"
"310.19614992625424","310.2061499262542","4","3","{""p"":""52.230662#21.007742"",""a"":""tdr"",""nid"":-1964740918,""id"":4}","40145","62","144","SUCCESS","0.009999999999990905"
"310.19614992625424","310.2061499262542","7","2","{""p"":""52.230537#21.006412"",""a"":""tdr"",""nid"":-1964740918,""id"":7}","70144","62","143","SUCCESS","0.009999999999990905"
"310.19614992625424","310.2061499262542","4","5","{""a"":""td"",""s"":4,""nid"":-1964740918}","152","34","152","SUCCESS","0.009999999999990905"
"310.19614992625424","310.2061499262542","10","3","{""p"":""52.229775#21.007195"",""a"":""tdr"",""nid"":-1964740918,""id"":10}","100150","63","149","SUCCESS","0.009999999999990905"
"310.19614992625424","310.2061499262542","4","3","{""a"":""td"",""s"":4,""nid"":-1964740918}","151","34","151","SUCCESS","0.009999999999990905"
"310.19614992625424","310.2061499262542","4","2","{""a"":""td"",""s"":4,""nid"":-1964740918}","150","34","150","SUCCESS","0.009999999999990905"
"310.19614992625424","310.2061499262542","6","7","{""a"":""td"",""s"":6,""nid"":-1964740918}","166","34","166","SUCCESS","0.009999999999990905"
"310.19614992625424","310.2061499262542","6","10","{""a"":""td"",""s"":6,""nid"":-1964740918}","169","34","169","SUCCESS","0.009999999999990905"
"310.19614992625424","310.2061499262542","4","7","{""a"":""td"",""s"":4,""nid"":-1964740918}","154","34","154","SUCCESS","0.009999999999990905"
"310.19614992625424","310.2061499262542","8","2","{""p"":""52.230298#21.00639"",""a"":""tdr"",""nid"":-1964740918,""id"":8}","80147","61","146","SUCCESS","0.009999999999990905"
"310.19614992625424","310.2061499262542","9","2","{""p"":""52.231295#21.008864"",""a"":""tdr"",""nid"":-1964740918,""id"":9}","90148","62","147","SUCCESS","0.009999999999990905"
"309.9761499262542","310.2061499262542","1","8","{""a"":""in"",""s"":1,""nid"":-1964740918,""i"":""<<Immediate,o1,o2,o3,(53.721823#14.323730);(54.177929#23.380290);(49.638199#23.728027);(49.295487#15.378418),t,1,>>"",""psn"":[1]}","10125","166","124","SUCCESS","0.2300000000000182"
"310.19614992625424","310.2061499262542","2","3","{""p"":""52.230672#21.007329"",""a"":""tdr"",""nid"":-1964740918,""id"":2}","20146","62","145","SUCCESS","0.009999999999990905"
"310.19614992625424","310.2061499262542","4","8","{""a"":""td"",""s"":4,""nid"":-1964740918}","155","34","155","SUCCESS","0.009999999999990905"
"310.19614992625424","310.2061499262542","6","5","{""a"":""td"",""s"":6,""nid"":-1964740918}","165","34","165","SUCCESS","0.009999999999990905"
"310.19614992625424","310.2061499262542","6","2","{""a"":""td"",""s"":6,""nid"":-1964740918}","162","34","162","SUCCESS","0.009999999999990905"
"310.19614992625424","310.2061499262542","6","4","{""a"":""td"",""s"":6,""nid"":-1964740918}","164","34","164","SUCCESS","0.009999999999990905"
"310.19614992625424","310.2061499262542","6","3","{""a"":""td"",""s"":6,""nid"":-1964740918}","163","34","163","SUCCESS","0.009999999999990905"
"310.19614992625424","310.2061499262542","5","8","{""a"":""td"",""s"":5,""nid"":-1964740918}","186","34","186","SUCCESS","0.009999999999990905"
"309.9761499262542","310.2061499262542","1","10","{""a"":""in"",""s"":1,""nid"":-1964740918,""i"":""<<Immediate,o1,o2,o3,(53.721823#14.323730);(54.177929#23.380290);(49.638199#23.728027);(49.295487#15.378418),t,1,>>"",""psn"":[1]}","10124","166","123","SUCCESS","0.2300000000000182"
"310.19614992625424","310.2061499262542","7","3","{""a"":""td"",""s"":7,""nid"":-1964740918}","171","34","171","SUCCESS","0.009999999999990905"
"310.19614992625424","310.2061499262542","5","3","{""p"":""52.23082#21.007823"",""a"":""tdr"",""nid"":-1964740918,""id"":5}","50162","61","161","SUCCESS","0.009999999999990905"
"310.19614992625424","310.2061499262542","4","10","{""a"":""td"",""s"":4,""nid"":-1964740918}","157","34","157","SUCCESS","0.009999999999990905"
"310.19614992625424","310.2061499262542","4","2","{""p"":""52.230662#21.007742"",""a"":""tdr"",""nid"":-1964740918,""id"":4}","40179","62","178","SUCCESS","0.009999999999990905"
"310.19614992625424","310.2061499262542","4","9","{""a"":""td"",""s"":4,""nid"":-1964740918}","156","34","156","SUCCESS","0.009999999999990905"
"310.19614992625424","310.2061499262542","7","2","{""a"":""td"",""s"":7,""nid"":-1964740918}","170","34","170","SUCCESS","0.009999999999990905"
"309.9761499262542","310.2061499262542","1","9","{""a"":""in"",""s"":1,""nid"":-1964740918,""i"":""<<Immediate,o1,o2,o3,(53.721823#14.323730);(54.177929#23.380290);(49.638199#23.728027);(49.295487#15.378418),t,1,>>"",""psn"":[1]}","10126","166","125","SUCCESS","0.2300000000000182"
"310.19614992625424","310.2061499262542","9","3","{""p"":""52.231295#21.008864"",""a"":""tdr"",""nid"":-1964740918,""id"":9}","90180","62","179","SUCCESS","0.009999999999990905"
"310.19614992625424","310.2061499262542","5","2","{""p"":""52.23082#21.007823"",""a"":""tdr"",""nid"":-1964740918,""id"":5}","50159","61","158","SUCCESS","0.009999999999990905"
"310.19614992625424","310.2061499262542","6","3","{""p"":""52.230886#21.007512"",""a"":""tdr"",""nid"":-1964740918,""id"":6}","60161","62","160","SUCCESS","0.009999999999990905"
"310.19614992625424","310.2061499262542","7","4","{""a"":""td"",""s"":7,""nid"":-1964740918}","172","34","172","SUCCESS","0.009999999999990905"
"310.19614992625424","310.2061499262542","7","5","{""a"":""td"",""s"":7,""nid"":-1964740918}","173","34","173","SUCCESS","0.009999999999990905"
"310.19614992625424","310.2061499262542","7","6","{""a"":""td"",""s"":7,""nid"":-1964740918}","174","34","174","SUCCESS","0.009999999999990905"
"310.19614992625424","310.2061499262542","5","7","{""a"":""td"",""s"":5,""nid"":-1964740918}","185","34","185","SUCCESS","0.009999999999990905"
"310.19614992625424","310.2061499262542","5","4","{""a"":""td"",""s"":5,""nid"":-1964740918}","183","34","183","SUCCESS","0.009999999999990905"
"310.19614992625424","310.2061499262542","8","3","{""p"":""52.230298#21.00639"",""a"":""tdr"",""nid"":-1964740918,""id"":8}","80181","61","180","SUCCESS","0.009999999999990905"
"310.19614992625424","310.2061499262542","6","8","{""a"":""td"",""s"":6,""nid"":-1964740918}","167","34","167","SUCCESS","0.009999999999990905"
"310.19614992625424","310.2061499262542","7","8","{""a"":""td"",""s"":7,""nid"":-1964740918}","175","34","175","SUCCESS","0.009999999999990905"
"310.19614992625424","310.2061499262542","5","3","{""a"":""td"",""s"":5,""nid"":-1964740918}","182","34","182","SUCCESS","0.009999999999990905"
"310.19614992625424","310.2061499262542","6","9","{""a"":""td"",""s"":6,""nid"":-1964740918}","168","34","168","SUCCESS","0.009999999999990905"
"310.19614992625424","310.2061499262542","5","2","{""a"":""td"",""s"":5,""nid"":-1964740918}","181","34","181","SUCCESS","0.009999999999990905"
"310.19614992625424","310.2061499262542","5","6","{""a"":""td"",""s"":5,""nid"":-1964740918}","184","34","184","SUCCESS","0.009999999999990905"
"310.19614992625424","310.2061499262542","3","2","{""p"":""52.230419#21.007447"",""a"":""tdr"",""nid"":-1964740918,""id"":3}","30190","62","189","SUCCESS","0.009999999999990905"
"310.19614992625424","310.2061499262542","7","9","{""a"":""td"",""s"":7,""nid"":-1964740918}","176","34","176","SUCCESS","0.009999999999990905"
"310.19614992625424","310.2061499262542","7","10","{""a"":""td"",""s"":7,""nid"":-1964740918}","177","34","177","SUCCESS","0.009999999999990905"
"310.2061499262542","310.2161499262542","10","7","{""p"":""52.229775#21.007195"",""a"":""tdr"",""nid"":-1964740918,""id"":10}","100262","63","261","SUCCESS","0.009999999999990905"
"310.2061499262542","310.2161499262542","8","4","{""a"":""td"",""s"":8,""nid"":-1964740918}","209","34","209","SUCCESS","0.009999999999990905"
"310.2061499262542","310.2161499262542","9","5","{""a"":""td"",""s"":9,""nid"":-1964740918}","239","34","239","SUCCESS","0.009999999999990905"
"310.2061499262542","310.2161499262542","9","3","{""a"":""td"",""s"":9,""nid"":-1964740918}","237","34","237","SUCCESS","0.009999999999990905"
"310.2061499262542","310.2161499262542","10","9","{""a"":""td"",""s"":10,""nid"":-1964740918}","229","35","229","SUCCESS","0.009999999999990905"
"310.2061499262542","310.2161499262542","6","4","{""p"":""52.230886#21.007512"",""a"":""tdr"",""nid"":-1964740918,""id"":6}","60194","62","193","SUCCESS","0.009999999999990905"
"310.2061499262542","310.2161499262542","10","5","{""p"":""52.229775#21.007195"",""a"":""tdr"",""nid"":-1964740918,""id"":10}","100192","63","191","SUCCESS","0.009999999999990905"
"310.2061499262542","310.2161499262542","9","5","{""p"":""52.231295#21.008864"",""a"":""tdr"",""nid"":-1964740918,""id"":9}","90191","62","190","SUCCESS","0.009999999999990905"
"310.2061499262542","310.2161499262542","5","4","{""p"":""52.23082#21.007823"",""a"":""tdr"",""nid"":-1964740918,""id"":5}","50199","61","198","SUCCESS","0.009999999999990905"
"310.2061499262542","310.2161499262542","8","5","{""p"":""52.230298#21.00639"",""a"":""tdr"",""nid"":-1964740918,""id"":8}","80222","61","221","SUCCESS","0.009999999999990905"
"310.2061499262542","310.2161499262542","8","7","{""a"":""td"",""s"":8,""nid"":-1964740918}","212","34","212","SUCCESS","0.009999999999990905"
"310.2061499262542","310.2161499262542","8","6","{""a"":""td"",""s"":8,""nid"":-1964740918}","211","34","211","SUCCESS","0.009999999999990905"
"310.2061499262542","310.2161499262542","2","6","{""p"":""52.230672#21.007329"",""a"":""tdr"",""nid"":-1964740918,""id"":2}","20219","62","218","SUCCESS","0.009999999999990905"
"310.2061499262542","310.2161499262542","8","5","{""a"":""td"",""s"":8,""nid"":-1964740918}","210","34","210","SUCCESS","0.009999999999990905"
"310.2061499262542","310.2161499262542","9","2","{""a"":""td"",""s"":9,""nid"":-1964740918}","236","34","236","SUCCESS","0.009999999999990905"
"310.2061499262542","310.2161499262542","10","5","{""a"":""td"",""s"":10,""nid"":-1964740918}","225","35","225","SUCCESS","0.009999999999990905"
"310.2061499262542","310.2161499262542","10","4","{""a"":""td"",""s"":10,""nid"":-1964740918}","224","35","224","SUCCESS","0.009999999999990905"
"310.2061499262542","310.2161499262542","10","3","{""a"":""td"",""s"":10,""nid"":-1964740918}","223","35","223","SUCCESS","0.009999999999990905"
"310.2061499262542","310.2161499262542","5","6","{""p"":""52.23082#21.007823"",""a"":""tdr"",""nid"":-1964740918,""id"":5}","50218","61","217","SUCCESS","0.009999999999990905"
"310.2061499262542","310.2161499262542","10","6","{""a"":""td"",""s"":10,""nid"":-1964740918}","226","35","226","SUCCESS","0.009999999999990905"
"310.2061499262542","310.2161499262542","3","4","{""p"":""52.230419#21.007447"",""a"":""tdr"",""nid"":-1964740918,""id"":3}","30201","62","200","SUCCESS","0.009999999999990905"
"310.2061499262542","310.2161499262542","10","2","{""a"":""td"",""s"":10,""nid"":-1964740918}","222","35","222","SUCCESS","0.009999999999990905"
"310.2061499262542","310.2161499262542","9","4","{""a"":""td"",""s"":9,""nid"":-1964740918}","238","34","238","SUCCESS","0.009999999999990905"
"310.2061499262542","310.2161499262542","9","8","{""a"":""td"",""s"":9,""nid"":-1964740918}","242","34","242","SUCCESS","0.009999999999990905"
"310.2061499262542","310.2161499262542","9","7","{""a"":""td"",""s"":9,""nid"":-1964740918}","241","34","241","SUCCESS","0.009999999999990905"
"310.2061499262542","310.2161499262542","2","4","{""p"":""52.230672#21.007329"",""a"":""tdr"",""nid"":-1964740918,""id"":2}","20202","62","201","SUCCESS","0.009999999999990905"
"310.2061499262542","310.2161499262542","9","6","{""a"":""td"",""s"":9,""nid"":-1964740918}","240","34","240","SUCCESS","0.009999999999990905"
"310.2061499262542","310.2161499262542","7","4","{""p"":""52.230537#21.006412"",""a"":""tdr"",""nid"":-1964740918,""id"":7}","70205","62","204","SUCCESS","0.009999999999990905"
"310.2061499262542","310.2161499262542","7","6","{""p"":""52.230537#21.006412"",""a"":""tdr"",""nid"":-1964740918,""id"":7}","70203","62","202","SUCCESS","0.009999999999990905"
"310.2061499262542","310.2161499262542","10","6","{""p"":""52.229775#21.007195"",""a"":""tdr"",""nid"":-1964740918,""id"":10}","100204","63","203","SUCCESS","0.009999999999990905"
"310.2061499262542","310.2161499262542","8","4","{""p"":""52.230298#21.00639"",""a"":""tdr"",""nid"":-1964740918,""id"":8}","80217","61","216","SUCCESS","0.009999999999990905"
"310.2061499262542","310.2161499262542","8","9","{""a"":""td"",""s"":8,""nid"":-1964740918}","213","34","213","SUCCESS","0.009999999999990905"
"310.2061499262542","310.2161499262542","8","10","{""a"":""td"",""s"":8,""nid"":-1964740918}","214","34","214","SUCCESS","0.009999999999990905"
"310.2061499262542","310.2161499262542","8","3","{""a"":""td"",""s"":8,""nid"":-1964740918}","208","34","208","SUCCESS","0.009999999999990905"
"310.2061499262542","310.2161499262542","3","6","{""p"":""52.230419#21.007447"",""a"":""tdr"",""nid"":-1964740918,""id"":3}","30221","62","220","SUCCESS","0.009999999999990905"
"310.2061499262542","310.2161499262542","4","6","{""p"":""52.230662#21.007742"",""a"":""tdr"",""nid"":-1964740918,""id"":4}","40220","62","219","SUCCESS","0.009999999999990905"
"310.2061499262542","310.2161499262542","3","7","{""p"":""52.230419#21.007447"",""a"":""tdr"",""nid"":-1964740918,""id"":3}","30231","62","230","SUCCESS","0.009999999999990905"
"310.2061499262542","310.2161499262542","10","7","{""a"":""td"",""s"":10,""nid"":-1964740918}","227","35","227","SUCCESS","0.009999999999990905"
"310.2061499262542","310.2161499262542","10","8","{""a"":""td"",""s"":10,""nid"":-1964740918}","228","35","228","SUCCESS","0.009999999999990905"
"310.2061499262542","310.2161499262542","9","4","{""p"":""52.231295#21.008864"",""a"":""tdr"",""nid"":-1964740918,""id"":9}","90235","62","234","SUCCESS","0.009999999999990905"
"310.2061499262542","310.2161499262542","10","4","{""p"":""52.229775#21.007195"",""a"":""tdr"",""nid"":-1964740918,""id"":10}","100233","63","232","SUCCESS","0.009999999999990905"
"310.2061499262542","310.2161499262542","2","7","{""p"":""52.230672#21.007329"",""a"":""tdr"",""nid"":-1964740918,""id"":2}","20236","62","235","SUCCESS","0.009999999999990905"
"310.2061499262542","310.2161499262542","9","10","{""a"":""td"",""s"":9,""nid"":-1964740918}","243","34","243","SUCCESS","0.009999999999990905"
"310.2061499262542","310.2161499262542","8","2","{""a"":""td"",""s"":8,""nid"":-1964740918}","207","34","207","SUCCESS","0.009999999999990905"
"310.2061499262542","310.2161499262542","8","6","{""p"":""52.230298#21.00639"",""a"":""tdr"",""nid"":-1964740918,""id"":8}","80254","61","253","SUCCESS","0.009999999999990905"
"310.2061499262542","310.2161499262542","6","7","{""p"":""52.230886#21.007512"",""a"":""tdr"",""nid"":-1964740918,""id"":6}","60250","62","249","SUCCESS","0.009999999999990905"
"310.2061499262542","310.2161499262542","4","7","{""p"":""52.230662#21.007742"",""a"":""tdr"",""nid"":-1964740918,""id"":4}","40248","62","247","SUCCESS","0.009999999999990905"
"310.2061499262542","310.2161499262542","5","7","{""p"":""52.23082#21.007823"",""a"":""tdr"",""nid"":-1964740918,""id"":5}","50249","61","248","SUCCESS","0.009999999999990905"
"310.2061499262542","310.2161499262542","7","5","{""p"":""52.230537#21.006412"",""a"":""tdr"",""nid"":-1964740918,""id"":7}","70251","62","250","SUCCESS","0.009999999999990905"
"310.2061499262542","310.2161499262542","4","5","{""p"":""52.230662#21.007742"",""a"":""tdr"",""nid"":-1964740918,""id"":4}","40252","62","251","SUCCESS","0.009999999999990905"
"310.2061499262542","310.2161499262542","9","7","{""p"":""52.231295#21.008864"",""a"":""tdr"",""nid"":-1964740918,""id"":9}","90261","62","260","SUCCESS","0.009999999999990905"
"310.2061499262542","310.2161499262542","9","6","{""p"":""52.231295#21.008864"",""a"":""tdr"",""nid"":-1964740918,""id"":9}","90257","62","256","SUCCESS","0.009999999999990905"
"310.2061499262542","310.2161499262542","8","7","{""p"":""52.230298#21.00639"",""a"":""tdr"",""nid"":-1964740918,""id"":8}","80255","61","254","SUCCESS","0.009999999999990905"
"310.2061499262542","310.2161499262542","3","5","{""p"":""52.230419#21.007447"",""a"":""tdr"",""nid"":-1964740918,""id"":3}","30256","62","255","SUCCESS","0.009999999999990905"
"310.2061499262542","310.2161499262542","2","5","{""p"":""52.230672#21.007329"",""a"":""tdr"",""nid"":-1964740918,""id"":2}","20258","62","257","SUCCESS","0.009999999999990905"
"310.2061499262542","310.2161499262542","6","5","{""p"":""52.230886#21.007512"",""a"":""tdr"",""nid"":-1964740918,""id"":6}","60259","62","258","SUCCESS","0.009999999999990905"
"310.2161499262542","310.2261499262542","4","8","{""p"":""52.230662#21.007742"",""a"":""tdr"",""nid"":-1964740918,""id"":4}","40264","62","263","SUCCESS","0.009999999999990905"
"310.2161499262542","310.2261499262542","3","9","{""p"":""52.230419#21.007447"",""a"":""tdr"",""nid"":-1964740918,""id"":3}","30266","62","265","SUCCESS","0.009999999999990905"
"310.2161499262542","310.2261499262542","5","9","{""p"":""52.23082#21.007823"",""a"":""tdr"",""nid"":-1964740918,""id"":5}","50265","61","264","SUCCESS","0.009999999999990905"
"310.2161499262542","310.2261499262542","9","10","{""p"":""52.231295#21.008864"",""a"":""tdr"",""nid"":-1964740918,""id"":9}","90267","62","266","SUCCESS","0.009999999999990905"
"310.2161499262542","310.2261499262542","6","10","{""p"":""52.230886#21.007512"",""a"":""tdr"",""nid"":-1964740918,""id"":6}","60282","62","281","SUCCESS","0.009999999999990905"
"310.2161499262542","310.2261499262542","2","9","{""p"":""52.230672#21.007329"",""a"":""tdr"",""nid"":-1964740918,""id"":2}","20277","62","276","SUCCESS","0.009999999999990905"
"310.2161499262542","310.2261499262542","6","8","{""p"":""52.230886#21.007512"",""a"":""tdr"",""nid"":-1964740918,""id"":6}","60274","62","273","SUCCESS","0.009999999999990905"
"310.2161499262542","310.2261499262542","5","8","{""p"":""52.23082#21.007823"",""a"":""tdr"",""nid"":-1964740918,""id"":5}","50276","61","275","SUCCESS","0.009999999999990905"
"310.2161499262542","310.2261499262542","5","10","{""p"":""52.23082#21.007823"",""a"":""tdr"",""nid"":-1964740918,""id"":5}","50278","61","277","SUCCESS","0.009999999999990905"
"310.2161499262542","310.2261499262542","3","10","{""p"":""52.230419#21.007447"",""a"":""tdr"",""nid"":-1964740918,""id"":3}","30280","62","279","SUCCESS","0.009999999999990905"
"310.2161499262542","310.2261499262542","4","10","{""p"":""52.230662#21.007742"",""a"":""tdr"",""nid"":-1964740918,""id"":4}","40279","62","278","SUCCESS","0.009999999999990905"
"310.2161499262542","310.2261499262542","2","10","{""p"":""52.230672#21.007329"",""a"":""tdr"",""nid"":-1964740918,""id"":2}","20284","62","283","SUCCESS","0.009999999999990905"
"310.2161499262542","310.2261499262542","4","9","{""p"":""52.230662#21.007742"",""a"":""tdr"",""nid"":-1964740918,""id"":4}","40285","62","284","SUCCESS","0.009999999999990905"
"310.2161499262542","310.2261499262542","7","8","{""p"":""52.230537#21.006412"",""a"":""tdr"",""nid"":-1964740918,""id"":7}","70273","62","272","SUCCESS","0.009999999999990905"
"310.2161499262542","310.2261499262542","7","9","{""p"":""52.230537#21.006412"",""a"":""tdr"",""nid"":-1964740918,""id"":7}","70287","62","286","SUCCESS","0.009999999999990905"
"310.2161499262542","310.2261499262542","8","9","{""p"":""52.230298#21.00639"",""a"":""tdr"",""nid"":-1964740918,""id"":8}","80286","61","285","SUCCESS","0.009999999999990905"
"310.2161499262542","310.2261499262542","6","9","{""p"":""52.230886#21.007512"",""a"":""tdr"",""nid"":-1964740918,""id"":6}","60289","62","288","SUCCESS","0.009999999999990905"
"310.2161499262542","310.2261499262542","10","8","{""p"":""52.229775#21.007195"",""a"":""tdr"",""nid"":-1964740918,""id"":10}","100295","63","294","SUCCESS","0.009999999999990905"
"310.2161499262542","310.2261499262542","9","8","{""p"":""52.231295#21.008864"",""a"":""tdr"",""nid"":-1964740918,""id"":9}","90294","62","293","SUCCESS","0.009999999999990905"
"310.2161499262542","310.2261499262542","3","8","{""p"":""52.230419#21.007447"",""a"":""tdr"",""nid"":-1964740918,""id"":3}","30296","62","295","SUCCESS","0.009999999999990905"
"310.2161499262542","310.2261499262542","7","10","{""p"":""52.230537#21.006412"",""a"":""tdr"",""nid"":-1964740918,""id"":7}","70300","62","299","SUCCESS","0.009999999999990905"
"310.2161499262542","310.2261499262542","8","10","{""p"":""52.230298#21.00639"",""a"":""tdr"",""nid"":-1964740918,""id"":8}","80301","61","300","SUCCESS","0.009999999999990905"
"310.2161499262542","310.2261499262542","10","9","{""p"":""52.229775#21.007195"",""a"":""tdr"",""nid"":-1964740918,""id"":10}","100305","63","304","SUCCESS","0.009999999999990905"
"310.2161499262542","310.2261499262542","2","8","{""p"":""52.230672#21.007329"",""a"":""tdr"",""nid"":-1964740918,""id"":2}","20306","62","305","SUCCESS","0.009999999999990905"
"310.2061499262542","310.43614992625425","3","6","{""a"":""in"",""s"":1,""nid"":-1964740918,""i"":""<<Immediate,o1,o2,o3,(53.721823#14.323730);(54.177929#23.380290);(49.638199#23.728027);(49.295487#15.378418),t,1,>>"",""psn"":[1,3]}","30247","168","246","SUCCESS","0.2300000000000182"
"310.2061499262542","310.43614992625425","3","5","{""a"":""in"",""s"":1,""nid"":-1964740918,""i"":""<<Immediate,o1,o2,o3,(53.721823#14.323730);(54.177929#23.380290);(49.638199#23.728027);(49.295487#15.378418),t,1,>>"",""psn"":[1,3]}","30232","168","231","SUCCESS","0.2300000000000182"
"310.2061499262542","310.43614992625425","2","7","{""a"":""in"",""s"":1,""nid"":-1964740918,""i"":""<<Immediate,o1,o2,o3,(53.721823#14.323730);(54.177929#23.380290);(49.638199#23.728027);(49.295487#15.378418),t,1,>>"",""psn"":[1,2]}","20198","168","197","SUCCESS","0.2300000000000182"
"310.2061499262542","310.43614992625425","2","10","{""a"":""in"",""s"":1,""nid"":-1964740918,""i"":""<<Immediate,o1,o2,o3,(53.721823#14.323730);(54.177929#23.380290);(49.638199#23.728027);(49.295487#15.378418),t,1,>>"",""psn"":[1,2]}","20195","168","194","SUCCESS","0.2300000000000182"
"310.2061499262542","310.43614992625425","3","9","{""a"":""in"",""s"":1,""nid"":-1964740918,""i"":""<<Immediate,o1,o2,o3,(53.721823#14.323730);(54.177929#23.380290);(49.638199#23.728027);(49.295487#15.378418),t,1,>>"",""psn"":[1,3]}","30245","168","244","SUCCESS","0.2300000000000182"
"310.2061499262542","310.43614992625425","2","6","{""a"":""in"",""s"":1,""nid"":-1964740918,""i"":""<<Immediate,o1,o2,o3,(53.721823#14.323730);(54.177929#23.380290);(49.638199#23.728027);(49.295487#15.378418),t,1,>>"",""psn"":[1,2]}","20196","168","195","SUCCESS","0.2300000000000182"
"310.2061499262542","310.43614992625425","3","2","{""a"":""in"",""s"":1,""nid"":-1964740918,""i"":""<<Immediate,o1,o2,o3,(53.721823#14.323730);(54.177929#23.380290);(49.638199#23.728027);(49.295487#15.378418),t,1,>>"",""psn"":[1,3]}","30216","168","215","SUCCESS","0.2300000000000182"
"310.2061499262542","310.43614992625425","2","9","{""a"":""in"",""s"":1,""nid"":-1964740918,""i"":""<<Immediate,o1,o2,o3,(53.721823#14.323730);(54.177929#23.380290);(49.638199#23.728027);(49.295487#15.378418),t,1,>>"",""psn"":[1,2]}","20207","168","206","SUCCESS","0.2300000000000182"
"310.2061499262542","310.43614992625425","3","8","{""a"":""in"",""s"":1,""nid"":-1964740918,""i"":""<<Immediate,o1,o2,o3,(53.721823#14.323730);(54.177929#23.380290);(49.638199#23.728027);(49.295487#15.378418),t,1,>>"",""psn"":[1,3]}","30253","168","252","SUCCESS","0.2300000000000182"
"310.2061499262542","310.43614992625425","2","8","{""a"":""in"",""s"":1,""nid"":-1964740918,""i"":""<<Immediate,o1,o2,o3,(53.721823#14.323730);(54.177929#23.380290);(49.638199#23.728027);(49.295487#15.378418),t,1,>>"",""psn"":[1,2]}","20206","168","205","SUCCESS","0.2300000000000182"
"310.2061499262542","310.43614992625425","2","4","{""a"":""in"",""s"":1,""nid"":-1964740918,""i"":""<<Immediate,o1,o2,o3,(53.721823#14.323730);(54.177929#23.380290);(49.638199#23.728027);(49.295487#15.378418),t,1,>>"",""psn"":[1,2]}","20234","168","233","SUCCESS","0.2300000000000182"
"310.2061499262542","310.43614992625425","3","7","{""a"":""in"",""s"":1,""nid"":-1964740918,""i"":""<<Immediate,o1,o2,o3,(53.721823#14.323730);(54.177929#23.380290);(49.638199#23.728027);(49.295487#15.378418),t,1,>>"",""psn"":[1,3]}","30193","168","192","SUCCESS","0.2300000000000182"
"310.2061499262542","310.43614992625425","3","4","{""a"":""in"",""s"":1,""nid"":-1964740918,""i"":""<<Immediate,o1,o2,o3,(53.721823#14.323730);(54.177929#23.380290);(49.638199#23.728027);(49.295487#15.378418),t,1,>>"",""psn"":[1,3]}","30197","168","196","SUCCESS","0.2300000000000182"
"310.2061499262542","310.43614992625425","3","10","{""a"":""in"",""s"":1,""nid"":-1964740918,""i"":""<<Immediate,o1,o2,o3,(53.721823#14.323730);(54.177929#23.380290);(49.638199#23.728027);(49.295487#15.378418),t,1,>>"",""psn"":[1,3]}","30200","168","199","SUCCESS","0.2300000000000182"
"310.2061499262542","310.43614992625425","2","3","{""a"":""in"",""s"":1,""nid"":-1964740918,""i"":""<<Immediate,o1,o2,o3,(53.721823#14.323730);(54.177929#23.380290);(49.638199#23.728027);(49.295487#15.378418),t,1,>>"",""psn"":[1,2]}","20260","168","259","SUCCESS","0.2300000000000182"
"310.2061499262542","310.43614992625425","2","5","{""a"":""in"",""s"":1,""nid"":-1964740918,""i"":""<<Immediate,o1,o2,o3,(53.721823#14.323730);(54.177929#23.380290);(49.638199#23.728027);(49.295487#15.378418),t,1,>>"",""psn"":[1,2]}","20246","168","245","SUCCESS","0.2300000000000182"
"310.2161499262542","310.44614992625424","4","10","{""a"":""in"",""s"":1,""nid"":-1964740918,""i"":""<<Immediate,o1,o2,o3,(53.721823#14.323730);(54.177929#23.380290);(49.638199#23.728027);(49.295487#15.378418),t,1,>>"",""psn"":[1,4]}","40303","168","302","SUCCESS","0.2300000000000182"
"310.2161499262542","310.44614992625424","7","5","{""a"":""in"",""s"":1,""nid"":-1964740918,""i"":""<<Immediate,o1,o2,o3,(53.721823#14.323730);(54.177929#23.380290);(49.638199#23.728027);(49.295487#15.378418),t,1,>>"",""psn"":[1,7]}","70310","168","309","SUCCESS","0.2300000000000182"
"310.2161499262542","310.44614992625424","4","6","{""a"":""in"",""s"":1,""nid"":-1964740918,""i"":""<<Immediate,o1,o2,o3,(53.721823#14.323730);(54.177929#23.380290);(49.638199#23.728027);(49.295487#15.378418),t,1,>>"",""psn"":[1,4]}","40268","168","267","SUCCESS","0.2300000000000182"
"310.2161499262542","310.44614992625424","5","8","{""a"":""in"",""s"":1,""nid"":-1964740918,""i"":""<<Immediate,o1,o2,o3,(53.721823#14.323730);(54.177929#23.380290);(49.638199#23.728027);(49.295487#15.378418),t,1,>>"",""psn"":[1,5]}","50272","168","271","SUCCESS","0.2300000000000182"
"310.2161499262542","310.44614992625424","5","7","{""a"":""in"",""s"":1,""nid"":-1964740918,""i"":""<<Immediate,o1,o2,o3,(53.721823#14.323730);(54.177929#23.380290);(49.638199#23.728027);(49.295487#15.378418),t,1,>>"",""psn"":[1,5]}","50311","168","310","SUCCESS","0.2300000000000182"
"310.2161499262542","310.44614992625424","6","4","{""a"":""in"",""s"":1,""nid"":-1964740918,""i"":""<<Immediate,o1,o2,o3,(53.721823#14.323730);(54.177929#23.380290);(49.638199#23.728027);(49.295487#15.378418),t,1,>>"",""psn"":[1,6]}","60298","168","297","SUCCESS","0.2300000000000182"
"310.2161499262542","310.44614992625424","5","10","{""a"":""in"",""s"":1,""nid"":-1964740918,""i"":""<<Immediate,o1,o2,o3,(53.721823#14.323730);(54.177929#23.380290);(49.638199#23.728027);(49.295487#15.378418),t,1,>>"",""psn"":[1,5]}","50269","168","268","SUCCESS","0.2300000000000182"
"310.2161499262542","310.44614992625424","6","8","{""a"":""in"",""s"":1,""nid"":-1964740918,""i"":""<<Immediate,o1,o2,o3,(53.721823#14.323730);(54.177929#23.380290);(49.638199#23.728027);(49.295487#15.378418),t,1,>>"",""psn"":[1,6]}","60307","168","306","SUCCESS","0.2300000000000182"
"310.2161499262542","310.44614992625424","5","2","{""a"":""in"",""s"":1,""nid"":-1964740918,""i"":""<<Immediate,o1,o2,o3,(53.721823#14.323730);(54.177929#23.380290);(49.638199#23.728027);(49.295487#15.378418),t,1,>>"",""psn"":[1,5]}","50317","168","316","SUCCESS","0.2300000000000182"
"310.2161499262542","310.44614992625424","6","10","{""a"":""in"",""s"":1,""nid"":-1964740918,""i"":""<<Immediate,o1,o2,o3,(53.721823#14.323730);(54.177929#23.380290);(49.638199#23.728027);(49.295487#15.378418),t,1,>>"",""psn"":[1,6]}","60292","168","291","SUCCESS","0.2300000000000182"
"310.2161499262542","310.44614992625424","7","9","{""a"":""in"",""s"":1,""nid"":-1964740918,""i"":""<<Immediate,o1,o2,o3,(53.721823#14.323730);(54.177929#23.380290);(49.638199#23.728027);(49.295487#15.378418),t,1,>>"",""psn"":[1,7]}","70313","168","312","SUCCESS","0.2300000000000182"
"310.2161499262542","310.44614992625424","7","8","{""a"":""in"",""s"":1,""nid"":-1964740918,""i"":""<<Immediate,o1,o2,o3,(53.721823#14.323730);(54.177929#23.380290);(49.638199#23.728027);(49.295487#15.378418),t,1,>>"",""psn"":[1,7]}","70315","168","314","SUCCESS","0.2300000000000182"
"310.2161499262542","310.44614992625424","4","3","{""a"":""in"",""s"":1,""nid"":-1964740918,""i"":""<<Immediate,o1,o2,o3,(53.721823#14.323730);(54.177929#23.380290);(49.638199#23.728027);(49.295487#15.378418),t,1,>>"",""psn"":[1,4]}","40283","168","282","SUCCESS","0.2300000000000182"
"310.2161499262542","310.44614992625424","6","5","{""a"":""in"",""s"":1,""nid"":-1964740918,""i"":""<<Immediate,o1,o2,o3,(53.721823#14.323730);(54.177929#23.380290);(49.638199#23.728027);(49.295487#15.378418),t,1,>>"",""psn"":[1,6]}","60281","168","280","SUCCESS","0.2300000000000182"
"310.2161499262542","310.44614992625424","6","7","{""a"":""in"",""s"":1,""nid"":-1964740918,""i"":""<<Immediate,o1,o2,o3,(53.721823#14.323730);(54.177929#23.380290);(49.638199#23.728027);(49.295487#15.378418),t,1,>>"",""psn"":[1,6]}","60291","168","290","SUCCESS","0.2300000000000182"
"310.2161499262542","310.44614992625424","4","8","{""a"":""in"",""s"":1,""nid"":-1964740918,""i"":""<<Immediate,o1,o2,o3,(53.721823#14.323730);(54.177929#23.380290);(49.638199#23.728027);(49.295487#15.378418),t,1,>>"",""psn"":[1,4]}","40293","168","292","SUCCESS","0.2300000000000182"
"310.2161499262542","310.44614992625424","5","6","{""a"":""in"",""s"":1,""nid"":-1964740918,""i"":""<<Immediate,o1,o2,o3,(53.721823#14.323730);(54.177929#23.380290);(49.638199#23.728027);(49.295487#15.378418),t,1,>>"",""psn"":[1,5]}","50318","168","317","SUCCESS","0.2300000000000182"
"310.2161499262542","310.44614992625424","7","10","{""a"":""in"",""s"":1,""nid"":-1964740918,""i"":""<<Immediate,o1,o2,o3,(53.721823#14.323730);(54.177929#23.380290);(49.638199#23.728027);(49.295487#15.378418),t,1,>>"",""psn"":[1,7]}","70263","168","262","SUCCESS","0.2300000000000182"
"310.2161499262542","310.44614992625424","4","5","{""a"":""in"",""s"":1,""nid"":-1964740918,""i"":""<<Immediate,o1,o2,o3,(53.721823#14.323730);(54.177929#23.380290);(49.638199#23.728027);(49.295487#15.378418),t,1,>>"",""psn"":[1,4]}","40271","168","270","SUCCESS","0.2300000000000182"
"310.2161499262542","310.44614992625424","5","9","{""a"":""in"",""s"":1,""nid"":-1964740918,""i"":""<<Immediate,o1,o2,o3,(53.721823#14.323730);(54.177929#23.380290);(49.638199#23.728027);(49.295487#15.378418),t,1,>>"",""psn"":[1,5]}","50270","168","269","SUCCESS","0.2300000000000182"
"310.2161499262542","310.44614992625424","5","3","{""a"":""in"",""s"":1,""nid"":-1964740918,""i"":""<<Immediate,o1,o2,o3,(53.721823#14.323730);(54.177929#23.380290);(49.638199#23.728027);(49.295487#15.378418),t,1,>>"",""psn"":[1,5]}","50316","168","315","SUCCESS","0.2300000000000182"
"310.2161499262542","310.44614992625424","7","2","{""a"":""in"",""s"":1,""nid"":-1964740918,""i"":""<<Immediate,o1,o2,o3,(53.721823#14.323730);(54.177929#23.380290);(49.638199#23.728027);(49.295487#15.378418),t,1,>>"",""psn"":[1,7]}","70304","168","303","SUCCESS","0.2300000000000182"
"310.2161499262542","310.44614992625424","6","9","{""a"":""in"",""s"":1,""nid"":-1964740918,""i"":""<<Immediate,o1,o2,o3,(53.721823#14.323730);(54.177929#23.380290);(49.638199#23.728027);(49.295487#15.378418),t,1,>>"",""psn"":[1,6]}","60314","168","313","SUCCESS","0.2300000000000182"
"310.2161499262542","310.44614992625424","4","2","{""a"":""in"",""s"":1,""nid"":-1964740918,""i"":""<<Immediate,o1,o2,o3,(53.721823#14.323730);(54.177929#23.380290);(49.638199#23.728027);(49.295487#15.378418),t,1,>>"",""psn"":[1,4]}","40288","168","287","SUCCESS","0.2300000000000182"
"310.2161499262542","310.44614992625424","6","2","{""a"":""in"",""s"":1,""nid"":-1964740918,""i"":""<<Immediate,o1,o2,o3,(53.721823#14.323730);(54.177929#23.380290);(49.638199#23.728027);(49.295487#15.378418),t,1,>>"",""psn"":[1,6]}","60275","168","274","SUCCESS","0.2300000000000182"
"310.2161499262542","310.44614992625424","7","6","{""a"":""in"",""s"":1,""nid"":-1964740918,""i"":""<<Immediate,o1,o2,o3,(53.721823#14.323730);(54.177929#23.380290);(49.638199#23.728027);(49.295487#15.378418),t,1,>>"",""psn"":[1,7]}","70308","168","307","SUCCESS","0.2300000000000182"
"310.2161499262542","310.44614992625424","7","4","{""a"":""in"",""s"":1,""nid"":-1964740918,""i"":""<<Immediate,o1,o2,o3,(53.721823#14.323730);(54.177929#23.380290);(49.638199#23.728027);(49.295487#15.378418),t,1,>>"",""psn"":[1,7]}","70309","168","308","SUCCESS","0.2300000000000182"
"310.2161499262542","310.44614992625424","6","3","{""a"":""in"",""s"":1,""nid"":-1964740918,""i"":""<<Immediate,o1,o2,o3,(53.721823#14.323730);(54.177929#23.380290);(49.638199#23.728027);(49.295487#15.378418),t,1,>>"",""psn"":[1,6]}","60297","168","296","SUCCESS","0.2300000000000182"
"310.2161499262542","310.44614992625424","7","3","{""a"":""in"",""s"":1,""nid"":-1964740918,""i"":""<<Immediate,o1,o2,o3,(53.721823#14.323730);(54.177929#23.380290);(49.638199#23.728027);(49.295487#15.378418),t,1,>>"",""psn"":[1,7]}","70299","168","298","SUCCESS","0.2300000000000182"
"310.2161499262542","310.44614992625424","5","4","{""a"":""in"",""s"":1,""nid"":-1964740918,""i"":""<<Immediate,o1,o2,o3,(53.721823#14.323730);(54.177929#23.380290);(49.638199#23.728027);(49.295487#15.378418),t,1,>>"",""psn"":[1,5]}","50312","168","311","SUCCESS","0.2300000000000182"
"310.2161499262542","310.44614992625424","4","7","{""a"":""in"",""s"":1,""nid"":-1964740918,""i"":""<<Immediate,o1,o2,o3,(53.721823#14.323730);(54.177929#23.380290);(49.638199#23.728027);(49.295487#15.378418),t,1,>>"",""psn"":[1,4]}","40290","168","289","SUCCESS","0.2300000000000182"
"310.2161499262542","310.44614992625424","4","9","{""a"":""in"",""s"":1,""nid"":-1964740918,""i"":""<<Immediate,o1,o2,o3,(53.721823#14.323730);(54.177929#23.380290);(49.638199#23.728027);(49.295487#15.378418),t,1,>>"",""psn"":[1,4]}","40302","168","301","SUCCESS","0.2300000000000182"
"310.2261499262542","310.4561499262542","9","3","{""a"":""in"",""s"":1,""nid"":-1964740918,""i"":""<<Immediate,o1,o2,o3,(53.721823#14.323730);(54.177929#23.380290);(49.638199#23.728027);(49.295487#15.378418),t,1,>>"",""psn"":[1,9]}","90320","168","319","SUCCESS","0.2300000000000182"
"310.2261499262542","310.4561499262542","10","8","{""a"":""in"",""s"":1,""nid"":-1964740918,""i"":""<<Immediate,o1,o2,o3,(53.721823#14.323730);(54.177929#23.380290);(49.638199#23.728027);(49.295487#15.378418),t,1,>>"",""psn"":[1,10]}","100340","169","339","SUCCESS","0.2300000000000182"
"310.2261499262542","310.4561499262542","9","6","{""a"":""in"",""s"":1,""nid"":-1964740918,""i"":""<<Immediate,o1,o2,o3,(53.721823#14.323730);(54.177929#23.380290);(49.638199#23.728027);(49.295487#15.378418),t,1,>>"",""psn"":[1,9]}","90335","168","334","SUCCESS","0.2300000000000182"
"310.2261499262542","310.4561499262542","9","7","{""a"":""in"",""s"":1,""nid"":-1964740918,""i"":""<<Immediate,o1,o2,o3,(53.721823#14.323730);(54.177929#23.380290);(49.638199#23.728027);(49.295487#15.378418),t,1,>>"",""psn"":[1,9]}","90333","168","332","SUCCESS","0.2300000000000182"
"310.2261499262542","310.4561499262542","8","2","{""a"":""in"",""s"":1,""nid"":-1964740918,""i"":""<<Immediate,o1,o2,o3,(53.721823#14.323730);(54.177929#23.380290);(49.638199#23.728027);(49.295487#15.378418),t,1,>>"",""psn"":[1,8]}","80342","168","341","SUCCESS","0.2300000000000182"
"310.2261499262542","310.4561499262542","9","10","{""a"":""in"",""s"":1,""nid"":-1964740918,""i"":""<<Immediate,o1,o2,o3,(53.721823#14.323730);(54.177929#23.380290);(49.638199#23.728027);(49.295487#15.378418),t,1,>>"",""psn"":[1,9]}","90341","168","340","SUCCESS","0.2300000000000182"
"310.2261499262542","310.4561499262542","10","7","{""a"":""in"",""s"":1,""nid"":-1964740918,""i"":""<<Immediate,o1,o2,o3,(53.721823#14.323730);(54.177929#23.380290);(49.638199#23.728027);(49.295487#15.378418),t,1,>>"",""psn"":[1,10]}","100339","169","338","SUCCESS","0.2300000000000182"
"310.2261499262542","310.4561499262542","10","9","{""a"":""in"",""s"":1,""nid"":-1964740918,""i"":""<<Immediate,o1,o2,o3,(53.721823#14.323730);(54.177929#23.380290);(49.638199#23.728027);(49.295487#15.378418),t,1,>>"",""psn"":[1,10]}","100322","169","321","SUCCESS","0.2300000000000182"
"310.2261499262542","310.4561499262542","8","5","{""a"":""in"",""s"":1,""nid"":-1964740918,""i"":""<<Immediate,o1,o2,o3,(53.721823#14.323730);(54.177929#23.380290);(49.638199#23.728027);(49.295487#15.378418),t,1,>>"",""psn"":[1,8]}","80326","168","325","SUCCESS","0.2300000000000182"
"310.2261499262542","310.4561499262542","9","2","{""a"":""in"",""s"":1,""nid"":-1964740918,""i"":""<<Immediate,o1,o2,o3,(53.721823#14.323730);(54.177929#23.380290);(49.638199#23.728027);(49.295487#15.378418),t,1,>>"",""psn"":[1,9]}","90324","168","323","SUCCESS","0.2300000000000182"
"310.2261499262542","310.4561499262542","9","5","{""a"":""in"",""s"":1,""nid"":-1964740918,""i"":""<<Immediate,o1,o2,o3,(53.721823#14.323730);(54.177929#23.380290);(49.638199#23.728027);(49.295487#15.378418),t,1,>>"",""psn"":[1,9]}","90321","168","320","SUCCESS","0.2300000000000182"
"310.2261499262542","310.4561499262542","8","10","{""a"":""in"",""s"":1,""nid"":-1964740918,""i"":""<<Immediate,o1,o2,o3,(53.721823#14.323730);(54.177929#23.380290);(49.638199#23.728027);(49.295487#15.378418),t,1,>>"",""psn"":[1,8]}","80336","168","335","SUCCESS","0.2300000000000182"
"310.2261499262542","310.4561499262542","10","5","{""a"":""in"",""s"":1,""nid"":-1964740918,""i"":""<<Immediate,o1,o2,o3,(53.721823#14.323730);(54.177929#23.380290);(49.638199#23.728027);(49.295487#15.378418),t,1,>>"",""psn"":[1,10]}","100327","169","326","SUCCESS","0.2300000000000182"
"310.2261499262542","310.4561499262542","10","6","{""a"":""in"",""s"":1,""nid"":-1964740918,""i"":""<<Immediate,o1,o2,o3,(53.721823#14.323730);(54.177929#23.380290);(49.638199#23.728027);(49.295487#15.378418),t,1,>>"",""psn"":[1,10]}","100323","169","322","SUCCESS","0.2300000000000182"
"310.2261499262542","310.4561499262542","8","6","{""a"":""in"",""s"":1,""nid"":-1964740918,""i"":""<<Immediate,o1,o2,o3,(53.721823#14.323730);(54.177929#23.380290);(49.638199#23.728027);(49.295487#15.378418),t,1,>>"",""psn"":[1,8]}","80325","168","324","SUCCESS","0.2300000000000182"
"310.2261499262542","310.4561499262542","10","3","{""a"":""in"",""s"":1,""nid"":-1964740918,""i"":""<<Immediate,o1,o2,o3,(53.721823#14.323730);(54.177929#23.380290);(49.638199#23.728027);(49.295487#15.378418),t,1,>>"",""psn"":[1,10]}","100328","169","327","SUCCESS","0.2300000000000182"
"310.2261499262542","310.4561499262542","8","9","{""a"":""in"",""s"":1,""nid"":-1964740918,""i"":""<<Immediate,o1,o2,o3,(53.721823#14.323730);(54.177929#23.380290);(49.638199#23.728027);(49.295487#15.378418),t,1,>>"",""psn"":[1,8]}","80337","168","336","SUCCESS","0.2300000000000182"
"310.2261499262542","310.4561499262542","9","8","{""a"":""in"",""s"":1,""nid"":-1964740918,""i"":""<<Immediate,o1,o2,o3,(53.721823#14.323730);(54.177929#23.380290);(49.638199#23.728027);(49.295487#15.378418),t,1,>>"",""psn"":[1,9]}","90334","168","333","SUCCESS","0.2300000000000182"
"310.2261499262542","310.4561499262542","10","2","{""a"":""in"",""s"":1,""nid"":-1964740918,""i"":""<<Immediate,o1,o2,o3,(53.721823#14.323730);(54.177929#23.380290);(49.638199#23.728027);(49.295487#15.378418),t,1,>>"",""psn"":[1,10]}","100330","169","329","SUCCESS","0.2300000000000182"
"310.2261499262542","310.4561499262542","8","4","{""a"":""in"",""s"":1,""nid"":-1964740918,""i"":""<<Immediate,o1,o2,o3,(53.721823#14.323730);(54.177929#23.380290);(49.638199#23.728027);(49.295487#15.378418),t,1,>>"",""psn"":[1,8]}","80319","168","318","SUCCESS","0.2300000000000182"
"310.2261499262542","310.4561499262542","10","4","{""a"":""in"",""s"":1,""nid"":-1964740918,""i"":""<<Immediate,o1,o2,o3,(53.721823#14.323730);(54.177929#23.380290);(49.638199#23.728027);(49.295487#15.378418),t,1,>>"",""psn"":[1,10]}","100329","169","328","SUCCESS","0.2300000000000182"
"310.2261499262542","310.4561499262542","9","4","{""a"":""in"",""s"":1,""nid"":-1964740918,""i"":""<<Immediate,o1,o2,o3,(53.721823#14.323730);(54.177929#23.380290);(49.638199#23.728027);(49.295487#15.378418),t,1,>>"",""psn"":[1,9]}","90331","168","330","SUCCESS","0.2300000000000182"
"310.2261499262542","310.4561499262542","8","7","{""a"":""in"",""s"":1,""nid"":-1964740918,""i"":""<<Immediate,o1,o2,o3,(53.721823#14.323730);(54.177929#23.380290);(49.638199#23.728027);(49.295487#15.378418),t,1,>>"",""psn"":[1,8]}","80332","168","331","SUCCESS","0.2300000000000182"
"310.2261499262542","310.4561499262542","8","3","{""a"":""in"",""s"":1,""nid"":-1964740918,""i"":""<<Immediate,o1,o2,o3,(53.721823#14.323730);(54.177929#23.380290);(49.638199#23.728027);(49.295487#15.378418),t,1,>>"",""psn"":[1,8]}","80338","168","337","SUCCESS","0.2300000000000182"
