"8.817632595582264","8.817632595582264","1","2","{""a"":""td"",""s"":1,""nid"":-1300801300}","0","34","0","SUCCESS","0.0"
"8.817632595582264","8.827632595582264","2","1","{""p"":""52.230672#21.007329"",""a"":""tdr"",""nid"":-1300801300,""id"":2}","20002","62","1","SUCCESS","0.009999999999999787"
"8.817632595582264","8.827632595582264","1","3","{""a"":""td"",""s"":1,""nid"":-1300801300}","2","34","2","SUCCESS","0.009999999999999787"
"8.817632595582264","8.827632595582264","1","4","{""a"":""td"",""s"":1,""nid"":-1300801300}","3","34","3","SUCCESS","0.009999999999999787"
"8.827632595582264","8.837632595582264","1","9","{""a"":""td"",""s"":1,""nid"":-1300801300}","11","34","11","SUCCESS","0.009999999999999787"
"8.827632595582264","8.837632595582264","4","1","{""p"":""52.230662#21.007742"",""a"":""tdr"",""nid"":-1300801300,""id"":4}","40011","62","10","SUCCESS","0.009999999999999787"
"8.827632595582264","8.837632595582264","1","8","{""a"":""td"",""s"":1,""nid"":-1300801300}","9","34","9","SUCCESS","0.009999999999999787"
"8.827632595582264","8.837632595582264","1","10","{""a"":""td"",""s"":1,""nid"":-1300801300}","12","34","12","SUCCESS","0.009999999999999787"
"8.827632595582264","8.837632595582264","1","7","{""a"":""td"",""s"":1,""nid"":-1300801300}","8","34","8","SUCCESS","0.009999999999999787"
"8.827632595582264","8.837632595582264","3","1","{""p"":""52.230419#21.007447"",""a"":""tdr"",""nid"":-1300801300,""id"":3}","30008","62","7","SUCCESS","0.009999999999999787"
"8.827632595582264","8.837632595582264","1","5","{""a"":""td"",""s"":1,""nid"":-1300801300}","5","34","5","SUCCESS","0.009999999999999787"
"8.827632595582264","8.837632595582264","1","6","{""a"":""td"",""s"":1,""nid"":-1300801300}","6","34","6","SUCCESS","0.009999999999999787"
"8.837632595582264","8.847632595582263","1","13","{""a"":""td"",""s"":1,""nid"":-1300801300}","17","34","17","SUCCESS","0.009999999999999787"
"8.837632595582264","8.847632595582263","6","1","{""p"":""52.230886#21.007512"",""a"":""tdr"",""nid"":-1300801300,""id"":6}","60033","62","32","SUCCESS","0.009999999999999787"
"8.837632595582264","8.847632595582263","1","16","{""a"":""td"",""s"":1,""nid"":-1300801300}","21","34","21","SUCCESS","0.009999999999999787"
"8.837632595582264","8.847632595582263","1","14","{""a"":""td"",""s"":1,""nid"":-1300801300}","18","34","18","SUCCESS","0.009999999999999787"
"8.837632595582264","8.847632595582263","10","1","{""p"":""52.229775#21.007195"",""a"":""tdr"",""nid"":-1300801300,""id"":10}","100023","63","22","SUCCESS","0.009999999999999787"
"8.837632595582264","8.847632595582263","7","1","{""p"":""52.230537#21.006412"",""a"":""tdr"",""nid"":-1300801300,""id"":7}","70026","62","25","SUCCESS","0.009999999999999787"
"8.837632595582264","8.847632595582263","1","15","{""a"":""td"",""s"":1,""nid"":-1300801300}","20","34","20","SUCCESS","0.009999999999999787"
"8.837632595582264","8.847632595582263","1","19","{""a"":""td"",""s"":1,""nid"":-1300801300}","26","34","26","SUCCESS","0.009999999999999787"
"8.837632595582264","8.847632595582263","5","1","{""p"":""52.23082#21.007823"",""a"":""tdr"",""nid"":-1300801300,""id"":5}","50030","61","29","SUCCESS","0.009999999999999787"
"8.837632595582264","8.847632595582263","1","22","{""a"":""td"",""s"":1,""nid"":-1300801300}","30","34","30","SUCCESS","0.009999999999999787"
"8.837632595582264","8.847632595582263","1","23","{""a"":""td"",""s"":1,""nid"":-1300801300}","31","34","31","SUCCESS","0.009999999999999787"
"8.837632595582264","8.847632595582263","8","1","{""p"":""52.230298#21.00639"",""a"":""tdr"",""nid"":-1300801300,""id"":8}","80020","61","19","SUCCESS","0.009999999999999787"
"8.837632595582264","8.847632595582263","1","12","{""a"":""td"",""s"":1,""nid"":-1300801300}","15","34","15","SUCCESS","0.009999999999999787"
"8.837632595582264","8.847632595582263","1","20","{""a"":""td"",""s"":1,""nid"":-1300801300}","27","34","27","SUCCESS","0.009999999999999787"
"8.837632595582264","8.847632595582263","1","18","{""a"":""td"",""s"":1,""nid"":-1300801300}","24","34","24","SUCCESS","0.009999999999999787"
"8.837632595582264","8.847632595582263","1","17","{""a"":""td"",""s"":1,""nid"":-1300801300}","23","34","23","SUCCESS","0.009999999999999787"
"8.837632595582264","8.847632595582263","1","11","{""a"":""td"",""s"":1,""nid"":-1300801300}","14","34","14","SUCCESS","0.009999999999999787"
"8.837632595582264","8.847632595582263","1","24","{""a"":""td"",""s"":1,""nid"":-1300801300}","33","34","33","SUCCESS","0.009999999999999787"
"8.837632595582264","8.847632595582263","1","21","{""a"":""td"",""s"":1,""nid"":-1300801300}","28","34","28","SUCCESS","0.009999999999999787"
"8.837632595582264","8.847632595582263","9","1","{""p"":""52.231295#21.008864"",""a"":""tdr"",""nid"":-1300801300,""id"":9}","90014","62","13","SUCCESS","0.009999999999999787"
"8.837632595582264","8.847632595582263","1","25","{""a"":""td"",""s"":1,""nid"":-1300801300}","34","34","34","SUCCESS","0.009999999999999787"
"8.847632595582263","8.857632595582263","25","1","{""p"":""52.229775#21.007195"",""a"":""tdr"",""nid"":-1300801300,""id"":25}","250081","63","80","SUCCESS","0.009999999999999787"
"8.847632595582263","8.857632595582263","1","31","{""a"":""td"",""s"":1,""nid"":-1300801300}","43","34","43","SUCCESS","0.009999999999999787"
"8.847632595582263","8.857632595582263","1","27","{""a"":""td"",""s"":1,""nid"":-1300801300}","37","34","37","SUCCESS","0.009999999999999787"
"8.847632595582263","8.857632595582263","21","1","{""p"":""52.229775#21.007195"",""a"":""tdr"",""nid"":-1300801300,""id"":21}","210080","63","79","SUCCESS","0.009999999999999787"
"8.847632595582263","8.857632595582263","1","43","{""a"":""td"",""s"":1,""nid"":-1300801300}","60","34","60","SUCCESS","0.009999999999999787"
"8.847632595582263","8.857632595582263","1","28","{""a"":""td"",""s"":1,""nid"":-1300801300}","39","34","39","SUCCESS","0.009999999999999787"
"8.847632595582263","8.857632595582263","1","29","{""a"":""td"",""s"":1,""nid"":-1300801300}","40","34","40","SUCCESS","0.009999999999999787"
"8.847632595582263","8.857632595582263","1","37","{""a"":""td"",""s"":1,""nid"":-1300801300}","51","34","51","SUCCESS","0.009999999999999787"
"8.847632595582263","8.857632595582263","13","1","{""p"":""52.229775#21.007195"",""a"":""tdr"",""nid"":-1300801300,""id"":13}","130036","63","35","SUCCESS","0.009999999999999787"
"8.847632595582263","8.857632595582263","1","26","{""a"":""td"",""s"":1,""nid"":-1300801300}","36","34","36","SUCCESS","0.009999999999999787"
"8.847632595582263","8.857632595582263","12","1","{""p"":""52.229775#21.007195"",""a"":""tdr"",""nid"":-1300801300,""id"":12}","120066","63","65","SUCCESS","0.009999999999999787"
"8.847632595582263","8.857632595582263","1","45","{""a"":""td"",""s"":1,""nid"":-1300801300}","63","34","63","SUCCESS","0.009999999999999787"
"8.847632595582263","8.857632595582263","1","38","{""a"":""td"",""s"":1,""nid"":-1300801300}","53","34","53","SUCCESS","0.009999999999999787"
"8.847632595582263","8.857632595582263","1","33","{""a"":""td"",""s"":1,""nid"":-1300801300}","46","34","46","SUCCESS","0.009999999999999787"
"8.847632595582263","8.857632595582263","1","30","{""a"":""td"",""s"":1,""nid"":-1300801300}","42","34","42","SUCCESS","0.009999999999999787"
"8.847632595582263","8.857632595582263","16","1","{""p"":""52.229775#21.007195"",""a"":""tdr"",""nid"":-1300801300,""id"":16}","160042","63","41","SUCCESS","0.009999999999999787"
"8.847632595582263","8.857632595582263","1","32","{""a"":""td"",""s"":1,""nid"":-1300801300}","45","34","45","SUCCESS","0.009999999999999787"
"8.847632595582263","8.857632595582263","14","1","{""p"":""52.229775#21.007195"",""a"":""tdr"",""nid"":-1300801300,""id"":14}","140045","63","44","SUCCESS","0.009999999999999787"
"8.847632595582263","8.857632595582263","19","1","{""p"":""52.229775#21.007195"",""a"":""tdr"",""nid"":-1300801300,""id"":19}","190053","63","52","SUCCESS","0.009999999999999787"
"8.847632595582263","8.857632595582263","1","35","{""a"":""td"",""s"":1,""nid"":-1300801300}","48","34","48","SUCCESS","0.009999999999999787"
"8.847632595582263","8.857632595582263","1","40","{""a"":""td"",""s"":1,""nid"":-1300801300}","56","34","56","SUCCESS","0.009999999999999787"
"8.847632595582263","8.857632595582263","1","34","{""a"":""td"",""s"":1,""nid"":-1300801300}","47","34","47","SUCCESS","0.009999999999999787"
"8.847632595582263","8.857632595582263","1","36","{""a"":""td"",""s"":1,""nid"":-1300801300}","50","34","50","SUCCESS","0.009999999999999787"
"8.847632595582263","8.857632595582263","15","1","{""p"":""52.229775#21.007195"",""a"":""tdr"",""nid"":-1300801300,""id"":15}","150050","63","49","SUCCESS","0.009999999999999787"
"8.847632595582263","8.857632595582263","20","1","{""p"":""52.229775#21.007195"",""a"":""tdr"",""nid"":-1300801300,""id"":20}","200069","63","68","SUCCESS","0.009999999999999787"
"8.847632595582263","8.857632595582263","1","42","{""a"":""td"",""s"":1,""nid"":-1300801300}","59","34","59","SUCCESS","0.009999999999999787"
"8.847632595582263","8.857632595582263","1","39","{""a"":""td"",""s"":1,""nid"":-1300801300}","54","34","54","SUCCESS","0.009999999999999787"
"8.847632595582263","8.857632595582263","1","41","{""a"":""td"",""s"":1,""nid"":-1300801300}","57","34","57","SUCCESS","0.009999999999999787"
"8.847632595582263","8.857632595582263","22","1","{""p"":""52.229775#21.007195"",""a"":""tdr"",""nid"":-1300801300,""id"":22}","220059","63","58","SUCCESS","0.009999999999999787"
"8.847632595582263","8.857632595582263","1","48","{""a"":""td"",""s"":1,""nid"":-1300801300}","67","34","67","SUCCESS","0.009999999999999787"
"8.847632595582263","8.857632595582263","1","47","{""a"":""td"",""s"":1,""nid"":-1300801300}","66","34","66","SUCCESS","0.009999999999999787"
"8.847632595582263","8.857632595582263","18","1","{""p"":""52.229775#21.007195"",""a"":""tdr"",""nid"":-1300801300,""id"":18}","180072","63","71","SUCCESS","0.009999999999999787"
"8.847632595582263","8.857632595582263","23","1","{""p"":""52.229775#21.007195"",""a"":""tdr"",""nid"":-1300801300,""id"":23}","230062","63","61","SUCCESS","0.009999999999999787"
"8.847632595582263","8.857632595582263","24","1","{""p"":""52.229775#21.007195"",""a"":""tdr"",""nid"":-1300801300,""id"":24}","240079","63","78","SUCCESS","0.009999999999999787"
"8.847632595582263","8.857632595582263","1","46","{""a"":""td"",""s"":1,""nid"":-1300801300}","64","34","64","SUCCESS","0.009999999999999787"
"8.847632595582263","8.857632595582263","1","44","{""a"":""td"",""s"":1,""nid"":-1300801300}","62","34","62","SUCCESS","0.009999999999999787"
"8.847632595582263","8.857632595582263","11","1","{""p"":""52.229775#21.007195"",""a"":""tdr"",""nid"":-1300801300,""id"":11}","110078","63","77","SUCCESS","0.009999999999999787"
"8.847632595582263","8.857632595582263","1","50","{""a"":""td"",""s"":1,""nid"":-1300801300}","70","34","70","SUCCESS","0.009999999999999787"
"8.847632595582263","8.857632595582263","1","49","{""a"":""td"",""s"":1,""nid"":-1300801300}","69","34","69","SUCCESS","0.009999999999999787"
"8.847632595582263","8.857632595582263","17","1","{""p"":""52.229775#21.007195"",""a"":""tdr"",""nid"":-1300801300,""id"":17}","170075","63","74","SUCCESS","0.009999999999999787"
"8.857632595582263","8.867632595582263","26","1","{""p"":""52.229775#21.007195"",""a"":""tdr"",""nid"":-1300801300,""id"":26}","260088","63","87","SUCCESS","0.009999999999999787"
"8.857632595582263","8.867632595582263","37","1","{""p"":""52.229775#21.007195"",""a"":""tdr"",""nid"":-1300801300,""id"":37}","370087","63","86","SUCCESS","0.009999999999999787"
"8.857632595582263","8.867632595582263","29","1","{""p"":""52.229775#21.007195"",""a"":""tdr"",""nid"":-1300801300,""id"":29}","290086","63","85","SUCCESS","0.009999999999999787"
"8.857632595582263","8.867632595582263","27","1","{""p"":""52.229775#21.007195"",""a"":""tdr"",""nid"":-1300801300,""id"":27}","270083","63","82","SUCCESS","0.009999999999999787"
"8.857632595582263","8.867632595582263","28","1","{""p"":""52.229775#21.007195"",""a"":""tdr"",""nid"":-1300801300,""id"":28}","280085","63","84","SUCCESS","0.009999999999999787"
"8.857632595582263","8.867632595582263","43","1","{""p"":""52.229775#21.007195"",""a"":""tdr"",""nid"":-1300801300,""id"":43}","430084","63","83","SUCCESS","0.009999999999999787"
"8.857632595582263","8.867632595582263","40","1","{""p"":""52.229775#21.007195"",""a"":""tdr"",""nid"":-1300801300,""id"":40}","400095","63","94","SUCCESS","0.009999999999999787"
"8.857632595582263","8.867632595582263","35","1","{""p"":""52.229775#21.007195"",""a"":""tdr"",""nid"":-1300801300,""id"":35}","350094","63","93","SUCCESS","0.009999999999999787"
"8.857632595582263","8.867632595582263","38","1","{""p"":""52.229775#21.007195"",""a"":""tdr"",""nid"":-1300801300,""id"":38}","380090","63","89","SUCCESS","0.009999999999999787"
"8.857632595582263","8.867632595582263","45","1","{""p"":""52.229775#21.007195"",""a"":""tdr"",""nid"":-1300801300,""id"":45}","450089","63","88","SUCCESS","0.009999999999999787"
"8.857632595582263","8.867632595582263","32","1","{""p"":""52.229775#21.007195"",""a"":""tdr"",""nid"":-1300801300,""id"":32}","320093","63","92","SUCCESS","0.009999999999999787"
"8.857632595582263","8.867632595582263","30","1","{""p"":""52.229775#21.007195"",""a"":""tdr"",""nid"":-1300801300,""id"":30}","300092","63","91","SUCCESS","0.009999999999999787"
"8.857632595582263","8.867632595582263","31","1","{""p"":""52.229775#21.007195"",""a"":""tdr"",""nid"":-1300801300,""id"":31}","310082","63","81","SUCCESS","0.009999999999999787"
"8.857632595582263","8.867632595582263","41","1","{""p"":""52.229775#21.007195"",""a"":""tdr"",""nid"":-1300801300,""id"":41}","410100","63","99","SUCCESS","0.009999999999999787"
"8.857632595582263","8.867632595582263","39","1","{""p"":""52.229775#21.007195"",""a"":""tdr"",""nid"":-1300801300,""id"":39}","390099","63","98","SUCCESS","0.009999999999999787"
"8.857632595582263","8.867632595582263","34","1","{""p"":""52.229775#21.007195"",""a"":""tdr"",""nid"":-1300801300,""id"":34}","340096","63","95","SUCCESS","0.009999999999999787"
"8.857632595582263","8.867632595582263","36","1","{""p"":""52.229775#21.007195"",""a"":""tdr"",""nid"":-1300801300,""id"":36}","360097","63","96","SUCCESS","0.009999999999999787"
"8.857632595582263","8.867632595582263","42","1","{""p"":""52.229775#21.007195"",""a"":""tdr"",""nid"":-1300801300,""id"":42}","420098","63","97","SUCCESS","0.009999999999999787"
"8.857632595582263","8.867632595582263","49","1","{""p"":""52.229775#21.007195"",""a"":""tdr"",""nid"":-1300801300,""id"":49}","490106","63","105","SUCCESS","0.009999999999999787"
"8.857632595582263","8.867632595582263","47","1","{""p"":""52.229775#21.007195"",""a"":""tdr"",""nid"":-1300801300,""id"":47}","470102","63","101","SUCCESS","0.009999999999999787"
"8.857632595582263","8.867632595582263","48","1","{""p"":""52.229775#21.007195"",""a"":""tdr"",""nid"":-1300801300,""id"":48}","480101","63","100","SUCCESS","0.009999999999999787"
"8.857632595582263","8.867632595582263","50","1","{""p"":""52.229775#21.007195"",""a"":""tdr"",""nid"":-1300801300,""id"":50}","500105","63","104","SUCCESS","0.009999999999999787"
"8.857632595582263","8.867632595582263","33","1","{""p"":""52.229775#21.007195"",""a"":""tdr"",""nid"":-1300801300,""id"":33}","330091","63","90","SUCCESS","0.009999999999999787"
"8.857632595582263","8.867632595582263","44","1","{""p"":""52.229775#21.007195"",""a"":""tdr"",""nid"":-1300801300,""id"":44}","440104","63","103","SUCCESS","0.009999999999999787"
"8.857632595582263","8.867632595582263","46","1","{""p"":""52.229775#21.007195"",""a"":""tdr"",""nid"":-1300801300,""id"":46}","460103","63","102","SUCCESS","0.009999999999999787"
"8.827632595582264","9.057632595582263","1","2","{""a"":""in"",""s"":1,""nid"":-1300801300,""i"":""<<Immediate,o1,o2,o3,(52.231073#21.007506);(52.230797#21.008139);(52.230488#21.007726);(52.230554#21.007243);(52.23079#21.007115),t,1,>>"",""psn"":[1]}","10005","187","4","SUCCESS","0.22999999999999865"
"9.057632595582263","9.067632595582262","2","38","{""a"":""td"",""s"":2,""nid"":-1300801300}","141","34","141","SUCCESS","0.009999999999999787"
"9.057632595582263","9.067632595582262","2","21","{""a"":""td"",""s"":2,""nid"":-1300801300}","124","34","124","SUCCESS","0.009999999999999787"
"9.057632595582263","9.067632595582262","2","12","{""a"":""td"",""s"":2,""nid"":-1300801300}","115","34","115","SUCCESS","0.009999999999999787"
"9.057632595582263","9.067632595582262","2","11","{""a"":""td"",""s"":2,""nid"":-1300801300}","114","34","114","SUCCESS","0.009999999999999787"
"9.057632595582263","9.067632595582262","2","10","{""a"":""td"",""s"":2,""nid"":-1300801300}","113","34","113","SUCCESS","0.009999999999999787"
"9.057632595582263","9.067632595582262","2","9","{""a"":""td"",""s"":2,""nid"":-1300801300}","112","34","112","SUCCESS","0.009999999999999787"
"9.057632595582263","9.067632595582262","2","20","{""a"":""td"",""s"":2,""nid"":-1300801300}","123","34","123","SUCCESS","0.009999999999999787"
"9.057632595582263","9.067632595582262","2","15","{""a"":""td"",""s"":2,""nid"":-1300801300}","118","34","118","SUCCESS","0.009999999999999787"
"9.057632595582263","9.067632595582262","2","14","{""a"":""td"",""s"":2,""nid"":-1300801300}","117","34","117","SUCCESS","0.009999999999999787"
"9.057632595582263","9.067632595582262","2","13","{""a"":""td"",""s"":2,""nid"":-1300801300}","116","34","116","SUCCESS","0.009999999999999787"
"9.057632595582263","9.067632595582262","2","19","{""a"":""td"",""s"":2,""nid"":-1300801300}","122","34","122","SUCCESS","0.009999999999999787"
"9.057632595582263","9.067632595582262","2","16","{""a"":""td"",""s"":2,""nid"":-1300801300}","119","34","119","SUCCESS","0.009999999999999787"
"9.057632595582263","9.067632595582262","2","18","{""a"":""td"",""s"":2,""nid"":-1300801300}","121","34","121","SUCCESS","0.009999999999999787"
"9.057632595582263","9.067632595582262","2","17","{""a"":""td"",""s"":2,""nid"":-1300801300}","120","34","120","SUCCESS","0.009999999999999787"
"9.057632595582263","9.067632595582262","2","37","{""a"":""td"",""s"":2,""nid"":-1300801300}","140","34","140","SUCCESS","0.009999999999999787"
"9.057632595582263","9.067632595582262","2","28","{""a"":""td"",""s"":2,""nid"":-1300801300}","131","34","131","SUCCESS","0.009999999999999787"
"9.057632595582263","9.067632595582262","2","23","{""a"":""td"",""s"":2,""nid"":-1300801300}","126","34","126","SUCCESS","0.009999999999999787"
"9.057632595582263","9.067632595582262","2","22","{""a"":""td"",""s"":2,""nid"":-1300801300}","125","34","125","SUCCESS","0.009999999999999787"
"9.057632595582263","9.067632595582262","2","27","{""a"":""td"",""s"":2,""nid"":-1300801300}","130","34","130","SUCCESS","0.009999999999999787"
"9.057632595582263","9.067632595582262","2","24","{""a"":""td"",""s"":2,""nid"":-1300801300}","127","34","127","SUCCESS","0.009999999999999787"
"9.057632595582263","9.067632595582262","2","26","{""a"":""td"",""s"":2,""nid"":-1300801300}","129","34","129","SUCCESS","0.009999999999999787"
"9.057632595582263","9.067632595582262","2","25","{""a"":""td"",""s"":2,""nid"":-1300801300}","128","34","128","SUCCESS","0.009999999999999787"
"9.057632595582263","9.067632595582262","2","36","{""a"":""td"",""s"":2,""nid"":-1300801300}","139","34","139","SUCCESS","0.009999999999999787"
"9.057632595582263","9.067632595582262","2","31","{""a"":""td"",""s"":2,""nid"":-1300801300}","134","34","134","SUCCESS","0.009999999999999787"
"9.057632595582263","9.067632595582262","2","30","{""a"":""td"",""s"":2,""nid"":-1300801300}","133","34","133","SUCCESS","0.009999999999999787"
"9.057632595582263","9.067632595582262","2","29","{""a"":""td"",""s"":2,""nid"":-1300801300}","132","34","132","SUCCESS","0.009999999999999787"
"9.057632595582263","9.067632595582262","2","35","{""a"":""td"",""s"":2,""nid"":-1300801300}","138","34","138","SUCCESS","0.009999999999999787"
"9.057632595582263","9.067632595582262","2","32","{""a"":""td"",""s"":2,""nid"":-1300801300}","135","34","135","SUCCESS","0.009999999999999787"
"9.057632595582263","9.067632595582262","2","34","{""a"":""td"",""s"":2,""nid"":-1300801300}","137","34","137","SUCCESS","0.009999999999999787"
"9.057632595582263","9.067632595582262","2","33","{""a"":""td"",""s"":2,""nid"":-1300801300}","136","34","136","SUCCESS","0.009999999999999787"
"9.057632595582263","9.067632595582262","2","8","{""a"":""td"",""s"":2,""nid"":-1300801300}","111","34","111","SUCCESS","0.009999999999999787"
"9.057632595582263","9.067632595582262","2","47","{""a"":""td"",""s"":2,""nid"":-1300801300}","150","34","150","SUCCESS","0.009999999999999787"
"9.057632595582263","9.067632595582262","2","44","{""a"":""td"",""s"":2,""nid"":-1300801300}","147","34","147","SUCCESS","0.009999999999999787"
"9.057632595582263","9.067632595582262","2","40","{""a"":""td"",""s"":2,""nid"":-1300801300}","143","34","143","SUCCESS","0.009999999999999787"
"9.057632595582263","9.067632595582262","2","39","{""a"":""td"",""s"":2,""nid"":-1300801300}","142","34","142","SUCCESS","0.009999999999999787"
"9.057632595582263","9.067632595582262","2","43","{""a"":""td"",""s"":2,""nid"":-1300801300}","146","34","146","SUCCESS","0.009999999999999787"
"9.057632595582263","9.067632595582262","2","4","{""a"":""td"",""s"":2,""nid"":-1300801300}","107","34","107","SUCCESS","0.009999999999999787"
"9.057632595582263","9.067632595582262","2","42","{""a"":""td"",""s"":2,""nid"":-1300801300}","145","34","145","SUCCESS","0.009999999999999787"
"9.057632595582263","9.067632595582262","2","41","{""a"":""td"",""s"":2,""nid"":-1300801300}","144","34","144","SUCCESS","0.009999999999999787"
"9.057632595582263","9.067632595582262","2","46","{""a"":""td"",""s"":2,""nid"":-1300801300}","149","34","149","SUCCESS","0.009999999999999787"
"9.057632595582263","9.067632595582262","2","45","{""a"":""td"",""s"":2,""nid"":-1300801300}","148","34","148","SUCCESS","0.009999999999999787"
"9.057632595582263","9.067632595582262","2","3","{""a"":""td"",""s"":2,""nid"":-1300801300}","106","34","106","SUCCESS","0.009999999999999787"
"9.057632595582263","9.067632595582262","2","7","{""a"":""td"",""s"":2,""nid"":-1300801300}","110","34","110","SUCCESS","0.009999999999999787"
"9.057632595582263","9.067632595582262","2","6","{""a"":""td"",""s"":2,""nid"":-1300801300}","109","34","109","SUCCESS","0.009999999999999787"
"8.837632595582264","9.067632595582262","1","4","{""a"":""in"",""s"":1,""nid"":-1300801300,""i"":""<<Immediate,o1,o2,o3,(52.231073#21.007506);(52.230797#21.008139);(52.230488#21.007726);(52.230554#21.007243);(52.23079#21.007115),t,1,>>"",""psn"":[1]}","10017","187","16","SUCCESS","0.22999999999999865"
"9.057632595582263","9.067632595582262","2","5","{""a"":""td"",""s"":2,""nid"":-1300801300}","108","34","108","SUCCESS","0.009999999999999787"
"9.057632595582263","9.067632595582262","2","50","{""a"":""td"",""s"":2,""nid"":-1300801300}","153","34","153","SUCCESS","0.009999999999999787"
"9.057632595582263","9.067632595582262","2","49","{""a"":""td"",""s"":2,""nid"":-1300801300}","152","34","152","SUCCESS","0.009999999999999787"
"9.057632595582263","9.067632595582262","2","48","{""a"":""td"",""s"":2,""nid"":-1300801300}","151","34","151","SUCCESS","0.009999999999999787"
"9.067632595582262","9.077632595582262","4","48","{""a"":""td"",""s"":4,""nid"":-1300801300}","243","34","243","SUCCESS","0.009999999999999787"
"9.067632595582262","9.077632595582262","4","47","{""a"":""td"",""s"":4,""nid"":-1300801300}","242","34","242","SUCCESS","0.009999999999999787"
"9.067632595582262","9.077632595582262","32","2","{""p"":""52.229775#21.007195"",""a"":""tdr"",""nid"":-1300801300,""id"":32}","320182","63","181","SUCCESS","0.009999999999999787"
"8.847632595582263","9.077632595582262","1","2","{""a"":""in"",""s"":1,""nid"":-1300801300,""i"":""<<Immediate,o1,o2,o3,(52.231073#21.007506);(52.230797#21.008139);(52.230488#21.007726);(52.230554#21.007243);(52.23079#21.007115),t,1,>>"",""psn"":[1]}","10073","187","72","SUCCESS","0.22999999999999865"
"9.067632595582262","9.077632595582262","4","41","{""a"":""td"",""s"":4,""nid"":-1300801300}","236","34","236","SUCCESS","0.009999999999999787"
"9.067632595582262","9.077632595582262","12","2","{""p"":""52.229775#21.007195"",""a"":""tdr"",""nid"":-1300801300,""id"":12}","120157","63","156","SUCCESS","0.009999999999999787"
"9.067632595582262","9.077632595582262","11","2","{""p"":""52.229775#21.007195"",""a"":""tdr"",""nid"":-1300801300,""id"":11}","110158","63","157","SUCCESS","0.009999999999999787"
"9.067632595582262","9.077632595582262","4","37","{""a"":""td"",""s"":4,""nid"":-1300801300}","232","34","232","SUCCESS","0.009999999999999787"
"9.067632595582262","9.077632595582262","4","28","{""a"":""td"",""s"":4,""nid"":-1300801300}","223","34","223","SUCCESS","0.009999999999999787"
"9.067632595582262","9.077632595582262","4","27","{""a"":""td"",""s"":4,""nid"":-1300801300}","222","34","222","SUCCESS","0.009999999999999787"
"9.067632595582262","9.077632595582262","4","26","{""a"":""td"",""s"":4,""nid"":-1300801300}","221","34","221","SUCCESS","0.009999999999999787"
"9.067632595582262","9.077632595582262","7","2","{""p"":""52.230537#21.006412"",""a"":""tdr"",""nid"":-1300801300,""id"":7}","70197","62","196","SUCCESS","0.009999999999999787"
"9.067632595582262","9.077632595582262","4","36","{""a"":""td"",""s"":4,""nid"":-1300801300}","231","34","231","SUCCESS","0.009999999999999787"
"9.067632595582262","9.077632595582262","13","2","{""p"":""52.229775#21.007195"",""a"":""tdr"",""nid"":-1300801300,""id"":13}","130164","63","163","SUCCESS","0.009999999999999787"
"9.067632595582262","9.077632595582262","4","31","{""a"":""td"",""s"":4,""nid"":-1300801300}","226","34","226","SUCCESS","0.009999999999999787"
"9.067632595582262","9.077632595582262","21","2","{""p"":""52.229775#21.007195"",""a"":""tdr"",""nid"":-1300801300,""id"":21}","210156","63","155","SUCCESS","0.009999999999999787"
"9.067632595582262","9.077632595582262","4","30","{""a"":""td"",""s"":4,""nid"":-1300801300}","225","34","225","SUCCESS","0.009999999999999787"
"9.067632595582262","9.077632595582262","4","29","{""a"":""td"",""s"":4,""nid"":-1300801300}","224","34","224","SUCCESS","0.009999999999999787"
"9.067632595582262","9.077632595582262","4","35","{""a"":""td"",""s"":4,""nid"":-1300801300}","230","34","230","SUCCESS","0.009999999999999787"
"9.067632595582262","9.077632595582262","4","32","{""a"":""td"",""s"":4,""nid"":-1300801300}","227","34","227","SUCCESS","0.009999999999999787"
"9.067632595582262","9.077632595582262","19","2","{""p"":""52.229775#21.007195"",""a"":""tdr"",""nid"":-1300801300,""id"":19}","190165","63","164","SUCCESS","0.009999999999999787"
"9.067632595582262","9.077632595582262","4","34","{""a"":""td"",""s"":4,""nid"":-1300801300}","229","34","229","SUCCESS","0.009999999999999787"
"9.067632595582262","9.077632595582262","38","2","{""p"":""52.229775#21.007195"",""a"":""tdr"",""nid"":-1300801300,""id"":38}","380155","63","154","SUCCESS","0.009999999999999787"
"9.067632595582262","9.077632595582262","4","33","{""a"":""td"",""s"":4,""nid"":-1300801300}","228","34","228","SUCCESS","0.009999999999999787"
"9.067632595582262","9.077632595582262","4","46","{""a"":""td"",""s"":4,""nid"":-1300801300}","241","34","241","SUCCESS","0.009999999999999787"
"9.067632595582262","9.077632595582262","4","44","{""a"":""td"",""s"":4,""nid"":-1300801300}","239","34","239","SUCCESS","0.009999999999999787"
"9.067632595582262","9.077632595582262","4","39","{""a"":""td"",""s"":4,""nid"":-1300801300}","234","34","234","SUCCESS","0.009999999999999787"
"9.067632595582262","9.077632595582262","10","2","{""p"":""52.229775#21.007195"",""a"":""tdr"",""nid"":-1300801300,""id"":10}","100159","63","158","SUCCESS","0.009999999999999787"
"9.067632595582262","9.077632595582262","4","38","{""a"":""td"",""s"":4,""nid"":-1300801300}","233","34","233","SUCCESS","0.009999999999999787"
"9.067632595582262","9.077632595582262","4","43","{""a"":""td"",""s"":4,""nid"":-1300801300}","238","34","238","SUCCESS","0.009999999999999787"
"9.067632595582262","9.077632595582262","4","40","{""a"":""td"",""s"":4,""nid"":-1300801300}","235","34","235","SUCCESS","0.009999999999999787"
"9.067632595582262","9.077632595582262","4","42","{""a"":""td"",""s"":4,""nid"":-1300801300}","237","34","237","SUCCESS","0.009999999999999787"
"9.067632595582262","9.077632595582262","4","45","{""a"":""td"",""s"":4,""nid"":-1300801300}","240","34","240","SUCCESS","0.009999999999999787"
"9.067632595582262","9.077632595582262","14","2","{""p"":""52.229775#21.007195"",""a"":""tdr"",""nid"":-1300801300,""id"":14}","140163","63","162","SUCCESS","0.009999999999999787"
"9.067632595582262","9.077632595582262","9","2","{""p"":""52.231295#21.008864"",""a"":""tdr"",""nid"":-1300801300,""id"":9}","90160","62","159","SUCCESS","0.009999999999999787"
"9.067632595582262","9.077632595582262","15","2","{""p"":""52.229775#21.007195"",""a"":""tdr"",""nid"":-1300801300,""id"":15}","150162","63","161","SUCCESS","0.009999999999999787"
"9.067632595582262","9.077632595582262","20","2","{""p"":""52.229775#21.007195"",""a"":""tdr"",""nid"":-1300801300,""id"":20}","200161","63","160","SUCCESS","0.009999999999999787"
"9.067632595582262","9.077632595582262","35","2","{""p"":""52.229775#21.007195"",""a"":""tdr"",""nid"":-1300801300,""id"":35}","350181","63","180","SUCCESS","0.009999999999999787"
"9.067632595582262","9.077632595582262","22","2","{""p"":""52.229775#21.007195"",""a"":""tdr"",""nid"":-1300801300,""id"":22}","220172","63","171","SUCCESS","0.009999999999999787"
"9.067632595582262","9.077632595582262","17","2","{""p"":""52.229775#21.007195"",""a"":""tdr"",""nid"":-1300801300,""id"":17}","170168","63","167","SUCCESS","0.009999999999999787"
"9.067632595582262","9.077632595582262","18","2","{""p"":""52.229775#21.007195"",""a"":""tdr"",""nid"":-1300801300,""id"":18}","180167","63","166","SUCCESS","0.009999999999999787"
"9.067632595582262","9.077632595582262","16","2","{""p"":""52.229775#21.007195"",""a"":""tdr"",""nid"":-1300801300,""id"":16}","160166","63","165","SUCCESS","0.009999999999999787"
"8.847632595582263","9.077632595582262","1","5","{""a"":""in"",""s"":1,""nid"":-1300801300,""i"":""<<Immediate,o1,o2,o3,(52.231073#21.007506);(52.230797#21.008139);(52.230488#21.007726);(52.230554#21.007243);(52.23079#21.007115),t,1,>>"",""psn"":[1]}","10076","187","75","SUCCESS","0.22999999999999865"
"9.067632595582262","9.077632595582262","37","2","{""p"":""52.229775#21.007195"",""a"":""tdr"",""nid"":-1300801300,""id"":37}","370169","63","168","SUCCESS","0.009999999999999787"
"9.067632595582262","9.077632595582262","23","2","{""p"":""52.229775#21.007195"",""a"":""tdr"",""nid"":-1300801300,""id"":23}","230171","63","170","SUCCESS","0.009999999999999787"
"9.067632595582262","9.077632595582262","28","2","{""p"":""52.229775#21.007195"",""a"":""tdr"",""nid"":-1300801300,""id"":28}","280170","63","169","SUCCESS","0.009999999999999787"
"9.067632595582262","9.077632595582262","29","2","{""p"":""52.229775#21.007195"",""a"":""tdr"",""nid"":-1300801300,""id"":29}","290180","63","179","SUCCESS","0.009999999999999787"
"9.067632595582262","9.077632595582262","26","2","{""p"":""52.229775#21.007195"",""a"":""tdr"",""nid"":-1300801300,""id"":26}","260175","63","174","SUCCESS","0.009999999999999787"
"9.067632595582262","9.077632595582262","24","2","{""p"":""52.229775#21.007195"",""a"":""tdr"",""nid"":-1300801300,""id"":24}","240174","63","173","SUCCESS","0.009999999999999787"
"9.067632595582262","9.077632595582262","27","2","{""p"":""52.229775#21.007195"",""a"":""tdr"",""nid"":-1300801300,""id"":27}","270173","63","172","SUCCESS","0.009999999999999787"
"9.067632595582262","9.077632595582262","30","2","{""p"":""52.229775#21.007195"",""a"":""tdr"",""nid"":-1300801300,""id"":30}","300179","63","178","SUCCESS","0.009999999999999787"
"9.067632595582262","9.077632595582262","25","2","{""p"":""52.229775#21.007195"",""a"":""tdr"",""nid"":-1300801300,""id"":25}","250176","63","175","SUCCESS","0.009999999999999787"
"9.067632595582262","9.077632595582262","31","2","{""p"":""52.229775#21.007195"",""a"":""tdr"",""nid"":-1300801300,""id"":31}","310178","63","177","SUCCESS","0.009999999999999787"
"9.067632595582262","9.077632595582262","36","2","{""p"":""52.229775#21.007195"",""a"":""tdr"",""nid"":-1300801300,""id"":36}","360177","63","176","SUCCESS","0.009999999999999787"
"9.067632595582262","9.077632595582262","4","25","{""a"":""td"",""s"":4,""nid"":-1300801300}","220","34","220","SUCCESS","0.009999999999999787"
"9.067632595582262","9.077632595582262","48","2","{""p"":""52.229775#21.007195"",""a"":""tdr"",""nid"":-1300801300,""id"":48}","480250","63","249","SUCCESS","0.009999999999999787"
"9.067632595582262","9.077632595582262","41","2","{""p"":""52.229775#21.007195"",""a"":""tdr"",""nid"":-1300801300,""id"":41}","410193","63","192","SUCCESS","0.009999999999999787"
"9.067632595582262","9.077632595582262","39","2","{""p"":""52.229775#21.007195"",""a"":""tdr"",""nid"":-1300801300,""id"":39}","390189","63","188","SUCCESS","0.009999999999999787"
"9.067632595582262","9.077632595582262","8","2","{""p"":""52.230298#21.00639"",""a"":""tdr"",""nid"":-1300801300,""id"":8}","80185","61","184","SUCCESS","0.009999999999999787"
"9.067632595582262","9.077632595582262","33","2","{""p"":""52.229775#21.007195"",""a"":""tdr"",""nid"":-1300801300,""id"":33}","330184","63","183","SUCCESS","0.009999999999999787"
"9.067632595582262","9.077632595582262","34","2","{""p"":""52.229775#21.007195"",""a"":""tdr"",""nid"":-1300801300,""id"":34}","340183","63","182","SUCCESS","0.009999999999999787"
"9.067632595582262","9.077632595582262","40","2","{""p"":""52.229775#21.007195"",""a"":""tdr"",""nid"":-1300801300,""id"":40}","400188","63","187","SUCCESS","0.009999999999999787"
"9.067632595582262","9.077632595582262","47","2","{""p"":""52.229775#21.007195"",""a"":""tdr"",""nid"":-1300801300,""id"":47}","470186","63","185","SUCCESS","0.009999999999999787"
"9.067632595582262","9.077632595582262","44","2","{""p"":""52.229775#21.007195"",""a"":""tdr"",""nid"":-1300801300,""id"":44}","440187","63","186","SUCCESS","0.009999999999999787"
"8.847632595582263","9.077632595582262","1","6","{""a"":""in"",""s"":1,""nid"":-1300801300,""i"":""<<Immediate,o1,o2,o3,(52.231073#21.007506);(52.230797#21.008139);(52.230488#21.007726);(52.230554#21.007243);(52.23079#21.007115),t,1,>>"",""psn"":[1]}","10077","187","76","SUCCESS","0.22999999999999865"
"9.067632595582262","9.077632595582262","4","6","{""a"":""td"",""s"":4,""nid"":-1300801300}","201","34","201","SUCCESS","0.009999999999999787"
"9.067632595582262","9.077632595582262","4","5","{""a"":""td"",""s"":4,""nid"":-1300801300}","200","34","200","SUCCESS","0.009999999999999787"
"9.067632595582262","9.077632595582262","4","2","{""p"":""52.230662#21.007742"",""a"":""tdr"",""nid"":-1300801300,""id"":4}","40191","62","190","SUCCESS","0.009999999999999787"
"9.067632595582262","9.077632595582262","42","2","{""p"":""52.229775#21.007195"",""a"":""tdr"",""nid"":-1300801300,""id"":42}","420192","63","191","SUCCESS","0.009999999999999787"
"9.067632595582262","9.077632595582262","4","49","{""a"":""td"",""s"":4,""nid"":-1300801300}","244","34","244","SUCCESS","0.009999999999999787"
"9.067632595582262","9.077632595582262","43","2","{""p"":""52.229775#21.007195"",""a"":""tdr"",""nid"":-1300801300,""id"":43}","430190","63","189","SUCCESS","0.009999999999999787"
"9.067632595582262","9.077632595582262","4","3","{""a"":""td"",""s"":4,""nid"":-1300801300}","199","34","199","SUCCESS","0.009999999999999787"
"9.067632595582262","9.077632595582262","4","50","{""a"":""td"",""s"":4,""nid"":-1300801300}","245","34","245","SUCCESS","0.009999999999999787"
"9.067632595582262","9.077632595582262","4","2","{""a"":""td"",""s"":4,""nid"":-1300801300}","198","34","198","SUCCESS","0.009999999999999787"
"9.067632595582262","9.077632595582262","6","2","{""p"":""52.230886#21.007512"",""a"":""tdr"",""nid"":-1300801300,""id"":6}","60198","62","197","SUCCESS","0.009999999999999787"
"9.067632595582262","9.077632595582262","4","24","{""a"":""td"",""s"":4,""nid"":-1300801300}","219","34","219","SUCCESS","0.009999999999999787"
"9.067632595582262","9.077632595582262","4","23","{""a"":""td"",""s"":4,""nid"":-1300801300}","218","34","218","SUCCESS","0.009999999999999787"
"9.067632595582262","9.077632595582262","4","13","{""a"":""td"",""s"":4,""nid"":-1300801300}","208","34","208","SUCCESS","0.009999999999999787"
"9.067632595582262","9.077632595582262","4","9","{""a"":""td"",""s"":4,""nid"":-1300801300}","204","34","204","SUCCESS","0.009999999999999787"
"9.067632595582262","9.077632595582262","4","8","{""a"":""td"",""s"":4,""nid"":-1300801300}","203","34","203","SUCCESS","0.009999999999999787"
"9.067632595582262","9.077632595582262","4","7","{""a"":""td"",""s"":4,""nid"":-1300801300}","202","34","202","SUCCESS","0.009999999999999787"
"9.067632595582262","9.077632595582262","4","12","{""a"":""td"",""s"":4,""nid"":-1300801300}","207","34","207","SUCCESS","0.009999999999999787"
"8.847632595582263","9.077632595582262","1","5","{""a"":""in"",""s"":1,""nid"":-1300801300,""i"":""<<Immediate,o1,o2,o3,(52.231073#21.007506);(52.230797#21.008139);(52.230488#21.007726);(52.230554#21.007243);(52.23079#21.007115),t,1,>>"",""psn"":[1]}","10056","187","55","SUCCESS","0.22999999999999865"
"9.067632595582262","9.077632595582262","45","2","{""p"":""52.229775#21.007195"",""a"":""tdr"",""nid"":-1300801300,""id"":45}","450195","63","194","SUCCESS","0.009999999999999787"
"9.067632595582262","9.077632595582262","3","2","{""p"":""52.230419#21.007447"",""a"":""tdr"",""nid"":-1300801300,""id"":3}","30196","62","195","SUCCESS","0.009999999999999787"
"9.067632595582262","9.077632595582262","4","11","{""a"":""td"",""s"":4,""nid"":-1300801300}","206","34","206","SUCCESS","0.009999999999999787"
"9.067632595582262","9.077632595582262","46","2","{""p"":""52.229775#21.007195"",""a"":""tdr"",""nid"":-1300801300,""id"":46}","460194","63","193","SUCCESS","0.009999999999999787"
"9.067632595582262","9.077632595582262","4","10","{""a"":""td"",""s"":4,""nid"":-1300801300}","205","34","205","SUCCESS","0.009999999999999787"
"9.067632595582262","9.077632595582262","4","22","{""a"":""td"",""s"":4,""nid"":-1300801300}","217","34","217","SUCCESS","0.009999999999999787"
"9.067632595582262","9.077632595582262","50","2","{""p"":""52.229775#21.007195"",""a"":""tdr"",""nid"":-1300801300,""id"":50}","500248","63","247","SUCCESS","0.009999999999999787"
"9.067632595582262","9.077632595582262","4","15","{""a"":""td"",""s"":4,""nid"":-1300801300}","210","34","210","SUCCESS","0.009999999999999787"
"9.067632595582262","9.077632595582262","4","14","{""a"":""td"",""s"":4,""nid"":-1300801300}","209","34","209","SUCCESS","0.009999999999999787"
"9.067632595582262","9.077632595582262","5","2","{""p"":""52.23082#21.007823"",""a"":""tdr"",""nid"":-1300801300,""id"":5}","50247","61","246","SUCCESS","0.009999999999999787"
"9.067632595582262","9.077632595582262","4","16","{""a"":""td"",""s"":4,""nid"":-1300801300}","211","34","211","SUCCESS","0.009999999999999787"
"9.067632595582262","9.077632595582262","4","17","{""a"":""td"",""s"":4,""nid"":-1300801300}","212","34","212","SUCCESS","0.009999999999999787"
"9.067632595582262","9.077632595582262","49","2","{""p"":""52.229775#21.007195"",""a"":""tdr"",""nid"":-1300801300,""id"":49}","490249","63","248","SUCCESS","0.009999999999999787"
"8.847632595582263","9.077632595582262","1","6","{""a"":""in"",""s"":1,""nid"":-1300801300,""i"":""<<Immediate,o1,o2,o3,(52.231073#21.007506);(52.230797#21.008139);(52.230488#21.007726);(52.230554#21.007243);(52.23079#21.007115),t,1,>>"",""psn"":[1]}","10039","187","38","SUCCESS","0.22999999999999865"
"9.067632595582262","9.077632595582262","4","18","{""a"":""td"",""s"":4,""nid"":-1300801300}","213","34","213","SUCCESS","0.009999999999999787"
"9.067632595582262","9.077632595582262","4","19","{""a"":""td"",""s"":4,""nid"":-1300801300}","214","34","214","SUCCESS","0.009999999999999787"
"8.847632595582263","9.077632595582262","1","4","{""a"":""in"",""s"":1,""nid"":-1300801300,""i"":""<<Immediate,o1,o2,o3,(52.231073#21.007506);(52.230797#21.008139);(52.230488#21.007726);(52.230554#21.007243);(52.23079#21.007115),t,1,>>"",""psn"":[1]}","10074","187","73","SUCCESS","0.22999999999999865"
"9.067632595582262","9.077632595582262","4","20","{""a"":""td"",""s"":4,""nid"":-1300801300}","215","34","215","SUCCESS","0.009999999999999787"
"9.067632595582262","9.077632595582262","4","21","{""a"":""td"",""s"":4,""nid"":-1300801300}","216","34","216","SUCCESS","0.009999999999999787"
"9.077632595582262","9.087632595582262","21","4","{""p"":""52.229775#21.007195"",""a"":""tdr"",""nid"":-1300801300,""id"":21}","210397","63","396","SUCCESS","0.009999999999999787"
"9.077632595582262","9.087632595582262","5","33","{""a"":""td"",""s"":5,""nid"":-1300801300}","303","34","303","SUCCESS","0.009999999999999787"
"9.077632595582262","9.087632595582262","5","26","{""a"":""td"",""s"":5,""nid"":-1300801300}","296","34","296","SUCCESS","0.009999999999999787"
"9.077632595582262","9.087632595582262","5","9","{""a"":""td"",""s"":5,""nid"":-1300801300}","279","34","279","SUCCESS","0.009999999999999787"
"9.077632595582262","9.087632595582262","41","4","{""p"":""52.229775#21.007195"",""a"":""tdr"",""nid"":-1300801300,""id"":41}","410253","63","252","SUCCESS","0.009999999999999787"
"9.077632595582262","9.087632595582262","6","33","{""a"":""td"",""s"":6,""nid"":-1300801300}","352","34","352","SUCCESS","0.009999999999999787"
"9.077632595582262","9.087632595582262","47","4","{""p"":""52.229775#21.007195"",""a"":""tdr"",""nid"":-1300801300,""id"":47}","470252","63","251","SUCCESS","0.009999999999999787"
"9.077632595582262","9.087632595582262","32","4","{""p"":""52.229775#21.007195"",""a"":""tdr"",""nid"":-1300801300,""id"":32}","320263","63","262","SUCCESS","0.009999999999999787"
"9.077632595582262","9.087632595582262","5","8","{""a"":""td"",""s"":5,""nid"":-1300801300}","278","34","278","SUCCESS","0.009999999999999787"
"9.077632595582262","9.087632595582262","5","2","{""a"":""td"",""s"":5,""nid"":-1300801300}","273","34","273","SUCCESS","0.009999999999999787"
"9.077632595582262","9.087632595582262","35","4","{""p"":""52.229775#21.007195"",""a"":""tdr"",""nid"":-1300801300,""id"":35}","350262","63","261","SUCCESS","0.009999999999999787"
"9.077632595582262","9.087632595582262","37","4","{""p"":""52.229775#21.007195"",""a"":""tdr"",""nid"":-1300801300,""id"":37}","370254","63","253","SUCCESS","0.009999999999999787"
"9.077632595582262","9.087632595582262","26","4","{""p"":""52.229775#21.007195"",""a"":""tdr"",""nid"":-1300801300,""id"":26}","260257","63","256","SUCCESS","0.009999999999999787"
"9.077632595582262","9.087632595582262","6","26","{""a"":""td"",""s"":6,""nid"":-1300801300}","345","34","345","SUCCESS","0.009999999999999787"
"9.077632595582262","9.087632595582262","5","49","{""a"":""td"",""s"":5,""nid"":-1300801300}","319","34","319","SUCCESS","0.009999999999999787"
"9.077632595582262","9.087632595582262","27","4","{""p"":""52.229775#21.007195"",""a"":""tdr"",""nid"":-1300801300,""id"":27}","270256","63","255","SUCCESS","0.009999999999999787"
"9.077632595582262","9.087632595582262","5","7","{""a"":""td"",""s"":5,""nid"":-1300801300}","277","34","277","SUCCESS","0.009999999999999787"
"9.077632595582262","9.087632595582262","5","48","{""a"":""td"",""s"":5,""nid"":-1300801300}","318","34","318","SUCCESS","0.009999999999999787"
"9.077632595582262","9.087632595582262","5","3","{""a"":""td"",""s"":5,""nid"":-1300801300}","274","34","274","SUCCESS","0.009999999999999787"
"9.077632595582262","9.087632595582262","36","4","{""p"":""52.229775#21.007195"",""a"":""tdr"",""nid"":-1300801300,""id"":36}","360258","63","257","SUCCESS","0.009999999999999787"
"9.077632595582262","9.087632595582262","29","4","{""p"":""52.229775#21.007195"",""a"":""tdr"",""nid"":-1300801300,""id"":29}","290261","63","260","SUCCESS","0.009999999999999787"
"9.077632595582262","9.087632595582262","5","6","{""a"":""td"",""s"":5,""nid"":-1300801300}","276","34","276","SUCCESS","0.009999999999999787"
"9.077632595582262","9.087632595582262","6","22","{""a"":""td"",""s"":6,""nid"":-1300801300}","341","34","341","SUCCESS","0.009999999999999787"
"9.077632595582262","9.087632595582262","30","4","{""p"":""52.229775#21.007195"",""a"":""tdr"",""nid"":-1300801300,""id"":30}","300260","63","259","SUCCESS","0.009999999999999787"
"9.077632595582262","9.087632595582262","5","4","{""a"":""td"",""s"":5,""nid"":-1300801300}","275","34","275","SUCCESS","0.009999999999999787"
"9.077632595582262","9.087632595582262","5","25","{""a"":""td"",""s"":5,""nid"":-1300801300}","295","34","295","SUCCESS","0.009999999999999787"
"9.077632595582262","9.087632595582262","5","16","{""a"":""td"",""s"":5,""nid"":-1300801300}","286","34","286","SUCCESS","0.009999999999999787"
"9.077632595582262","9.087632595582262","5","11","{""a"":""td"",""s"":5,""nid"":-1300801300}","281","34","281","SUCCESS","0.009999999999999787"
"9.077632595582262","9.087632595582262","31","4","{""p"":""52.229775#21.007195"",""a"":""tdr"",""nid"":-1300801300,""id"":31}","310259","63","258","SUCCESS","0.009999999999999787"
"9.077632595582262","9.087632595582262","5","10","{""a"":""td"",""s"":5,""nid"":-1300801300}","280","34","280","SUCCESS","0.009999999999999787"
"9.077632595582262","9.087632595582262","5","47","{""a"":""td"",""s"":5,""nid"":-1300801300}","317","34","317","SUCCESS","0.009999999999999787"
"9.077632595582262","9.087632595582262","33","4","{""p"":""52.229775#21.007195"",""a"":""tdr"",""nid"":-1300801300,""id"":33}","330265","63","264","SUCCESS","0.009999999999999787"
"9.077632595582262","9.087632595582262","5","15","{""a"":""td"",""s"":5,""nid"":-1300801300}","285","34","285","SUCCESS","0.009999999999999787"
"9.077632595582262","9.087632595582262","5","12","{""a"":""td"",""s"":5,""nid"":-1300801300}","282","34","282","SUCCESS","0.009999999999999787"
"9.077632595582262","9.087632595582262","46","4","{""p"":""52.229775#21.007195"",""a"":""tdr"",""nid"":-1300801300,""id"":46}","460266","63","265","SUCCESS","0.009999999999999787"
"9.077632595582262","9.087632595582262","39","4","{""p"":""52.229775#21.007195"",""a"":""tdr"",""nid"":-1300801300,""id"":39}","390268","63","267","SUCCESS","0.009999999999999787"
"9.077632595582262","9.087632595582262","6","18","{""a"":""td"",""s"":6,""nid"":-1300801300}","337","34","337","SUCCESS","0.009999999999999787"
"9.077632595582262","9.087632595582262","5","14","{""a"":""td"",""s"":5,""nid"":-1300801300}","284","34","284","SUCCESS","0.009999999999999787"
"9.077632595582262","9.087632595582262","44","4","{""p"":""52.229775#21.007195"",""a"":""tdr"",""nid"":-1300801300,""id"":44}","440267","63","266","SUCCESS","0.009999999999999787"
"9.077632595582262","9.087632595582262","5","13","{""a"":""td"",""s"":5,""nid"":-1300801300}","283","34","283","SUCCESS","0.009999999999999787"
"9.077632595582262","9.087632595582262","5","37","{""a"":""td"",""s"":5,""nid"":-1300801300}","307","34","307","SUCCESS","0.009999999999999787"
"9.077632595582262","9.087632595582262","5","24","{""a"":""td"",""s"":5,""nid"":-1300801300}","294","34","294","SUCCESS","0.009999999999999787"
"9.077632595582262","9.087632595582262","5","19","{""a"":""td"",""s"":5,""nid"":-1300801300}","289","34","289","SUCCESS","0.009999999999999787"
"9.077632595582262","9.087632595582262","42","4","{""p"":""52.229775#21.007195"",""a"":""tdr"",""nid"":-1300801300,""id"":42}","420272","63","271","SUCCESS","0.009999999999999787"
"9.077632595582262","9.087632595582262","34","4","{""p"":""52.229775#21.007195"",""a"":""tdr"",""nid"":-1300801300,""id"":34}","340264","63","263","SUCCESS","0.009999999999999787"
"9.077632595582262","9.087632595582262","5","45","{""a"":""td"",""s"":5,""nid"":-1300801300}","315","34","315","SUCCESS","0.009999999999999787"
"9.077632595582262","9.087632595582262","5","46","{""a"":""td"",""s"":5,""nid"":-1300801300}","316","34","316","SUCCESS","0.009999999999999787"
"9.077632595582262","9.087632595582262","38","4","{""p"":""52.229775#21.007195"",""a"":""tdr"",""nid"":-1300801300,""id"":38}","380269","63","268","SUCCESS","0.009999999999999787"
"9.077632595582262","9.087632595582262","5","18","{""a"":""td"",""s"":5,""nid"":-1300801300}","288","34","288","SUCCESS","0.009999999999999787"
"9.077632595582262","9.087632595582262","5","43","{""a"":""td"",""s"":5,""nid"":-1300801300}","313","34","313","SUCCESS","0.009999999999999787"
"9.077632595582262","9.087632595582262","5","17","{""a"":""td"",""s"":5,""nid"":-1300801300}","287","34","287","SUCCESS","0.009999999999999787"
"9.077632595582262","9.087632595582262","5","23","{""a"":""td"",""s"":5,""nid"":-1300801300}","293","34","293","SUCCESS","0.009999999999999787"
"9.077632595582262","9.087632595582262","5","20","{""a"":""td"",""s"":5,""nid"":-1300801300}","290","34","290","SUCCESS","0.009999999999999787"
"9.077632595582262","9.087632595582262","40","4","{""p"":""52.229775#21.007195"",""a"":""tdr"",""nid"":-1300801300,""id"":40}","400271","63","270","SUCCESS","0.009999999999999787"
"9.077632595582262","9.087632595582262","5","42","{""a"":""td"",""s"":5,""nid"":-1300801300}","312","34","312","SUCCESS","0.009999999999999787"
"9.077632595582262","9.087632595582262","5","22","{""a"":""td"",""s"":5,""nid"":-1300801300}","292","34","292","SUCCESS","0.009999999999999787"
"9.077632595582262","9.087632595582262","43","4","{""p"":""52.229775#21.007195"",""a"":""tdr"",""nid"":-1300801300,""id"":43}","430270","63","269","SUCCESS","0.009999999999999787"
"9.077632595582262","9.087632595582262","5","21","{""a"":""td"",""s"":5,""nid"":-1300801300}","291","34","291","SUCCESS","0.009999999999999787"
"9.077632595582262","9.087632595582262","6","32","{""a"":""td"",""s"":6,""nid"":-1300801300}","351","34","351","SUCCESS","0.009999999999999787"
"9.077632595582262","9.087632595582262","6","31","{""a"":""td"",""s"":6,""nid"":-1300801300}","350","34","350","SUCCESS","0.009999999999999787"
"9.077632595582262","9.087632595582262","6","14","{""a"":""td"",""s"":6,""nid"":-1300801300}","333","34","333","SUCCESS","0.009999999999999787"
"9.077632595582262","9.087632595582262","6","4","{""a"":""td"",""s"":6,""nid"":-1300801300}","324","34","324","SUCCESS","0.009999999999999787"
"9.077632595582262","9.087632595582262","5","28","{""a"":""td"",""s"":5,""nid"":-1300801300}","298","34","298","SUCCESS","0.009999999999999787"
"9.077632595582262","9.087632595582262","28","4","{""p"":""52.229775#21.007195"",""a"":""tdr"",""nid"":-1300801300,""id"":28}","280255","63","254","SUCCESS","0.009999999999999787"
"9.077632595582262","9.087632595582262","48","4","{""p"":""52.229775#21.007195"",""a"":""tdr"",""nid"":-1300801300,""id"":48}","480251","63","250","SUCCESS","0.009999999999999787"
"9.077632595582262","9.087632595582262","6","10","{""a"":""td"",""s"":6,""nid"":-1300801300}","329","34","329","SUCCESS","0.009999999999999787"
"9.077632595582262","9.087632595582262","5","38","{""a"":""td"",""s"":5,""nid"":-1300801300}","308","34","308","SUCCESS","0.009999999999999787"
"9.077632595582262","9.087632595582262","5","27","{""a"":""td"",""s"":5,""nid"":-1300801300}","297","34","297","SUCCESS","0.009999999999999787"
"9.077632595582262","9.087632595582262","5","41","{""a"":""td"",""s"":5,""nid"":-1300801300}","311","34","311","SUCCESS","0.009999999999999787"
"9.077632595582262","9.087632595582262","6","3","{""a"":""td"",""s"":6,""nid"":-1300801300}","323","34","323","SUCCESS","0.009999999999999787"
"9.077632595582262","9.087632595582262","6","50","{""a"":""td"",""s"":6,""nid"":-1300801300}","369","34","369","SUCCESS","0.009999999999999787"
"9.077632595582262","9.087632595582262","5","29","{""a"":""td"",""s"":5,""nid"":-1300801300}","299","34","299","SUCCESS","0.009999999999999787"
"9.077632595582262","9.087632595582262","5","31","{""a"":""td"",""s"":5,""nid"":-1300801300}","301","34","301","SUCCESS","0.009999999999999787"
"9.077632595582262","9.087632595582262","6","2","{""a"":""td"",""s"":6,""nid"":-1300801300}","322","34","322","SUCCESS","0.009999999999999787"
"9.077632595582262","9.087632595582262","5","30","{""a"":""td"",""s"":5,""nid"":-1300801300}","300","34","300","SUCCESS","0.009999999999999787"
"9.077632595582262","9.087632595582262","6","4","{""p"":""52.230886#21.007512"",""a"":""tdr"",""nid"":-1300801300,""id"":6}","60371","62","370","SUCCESS","0.009999999999999787"
"9.077632595582262","9.087632595582262","6","13","{""a"":""td"",""s"":6,""nid"":-1300801300}","332","34","332","SUCCESS","0.009999999999999787"
"9.077632595582262","9.087632595582262","6","8","{""a"":""td"",""s"":6,""nid"":-1300801300}","327","34","327","SUCCESS","0.009999999999999787"
"9.077632595582262","9.087632595582262","5","32","{""a"":""td"",""s"":5,""nid"":-1300801300}","302","34","302","SUCCESS","0.009999999999999787"
"9.077632595582262","9.087632595582262","5","35","{""a"":""td"",""s"":5,""nid"":-1300801300}","305","34","305","SUCCESS","0.009999999999999787"
"9.077632595582262","9.087632595582262","5","40","{""a"":""td"",""s"":5,""nid"":-1300801300}","310","34","310","SUCCESS","0.009999999999999787"
"9.077632595582262","9.087632595582262","6","7","{""a"":""td"",""s"":6,""nid"":-1300801300}","326","34","326","SUCCESS","0.009999999999999787"
"9.077632595582262","9.087632595582262","5","34","{""a"":""td"",""s"":5,""nid"":-1300801300}","304","34","304","SUCCESS","0.009999999999999787"
"9.077632595582262","9.087632595582262","6","5","{""a"":""td"",""s"":6,""nid"":-1300801300}","325","34","325","SUCCESS","0.009999999999999787"
"9.077632595582262","9.087632595582262","6","12","{""a"":""td"",""s"":6,""nid"":-1300801300}","331","34","331","SUCCESS","0.009999999999999787"
"9.077632595582262","9.087632595582262","6","9","{""a"":""td"",""s"":6,""nid"":-1300801300}","328","34","328","SUCCESS","0.009999999999999787"
"9.077632595582262","9.087632595582262","5","36","{""a"":""td"",""s"":5,""nid"":-1300801300}","306","34","306","SUCCESS","0.009999999999999787"
"9.077632595582262","9.087632595582262","5","39","{""a"":""td"",""s"":5,""nid"":-1300801300}","309","34","309","SUCCESS","0.009999999999999787"
"9.077632595582262","9.087632595582262","6","11","{""a"":""td"",""s"":6,""nid"":-1300801300}","330","34","330","SUCCESS","0.009999999999999787"
"9.077632595582262","9.087632595582262","6","30","{""a"":""td"",""s"":6,""nid"":-1300801300}","349","34","349","SUCCESS","0.009999999999999787"
"9.077632595582262","9.087632595582262","6","21","{""a"":""td"",""s"":6,""nid"":-1300801300}","340","34","340","SUCCESS","0.009999999999999787"
"9.077632595582262","9.087632595582262","6","16","{""a"":""td"",""s"":6,""nid"":-1300801300}","335","34","335","SUCCESS","0.009999999999999787"
"9.077632595582262","9.087632595582262","5","44","{""a"":""td"",""s"":5,""nid"":-1300801300}","314","34","314","SUCCESS","0.009999999999999787"
"9.077632595582262","9.087632595582262","6","15","{""a"":""td"",""s"":6,""nid"":-1300801300}","334","34","334","SUCCESS","0.009999999999999787"
"9.077632595582262","9.087632595582262","6","20","{""a"":""td"",""s"":6,""nid"":-1300801300}","339","34","339","SUCCESS","0.009999999999999787"
"9.077632595582262","9.087632595582262","6","17","{""a"":""td"",""s"":6,""nid"":-1300801300}","336","34","336","SUCCESS","0.009999999999999787"
"9.077632595582262","9.087632595582262","6","19","{""a"":""td"",""s"":6,""nid"":-1300801300}","338","34","338","SUCCESS","0.009999999999999787"
"9.077632595582262","9.087632595582262","6","29","{""a"":""td"",""s"":6,""nid"":-1300801300}","348","34","348","SUCCESS","0.009999999999999787"
"9.077632595582262","9.087632595582262","6","24","{""a"":""td"",""s"":6,""nid"":-1300801300}","343","34","343","SUCCESS","0.009999999999999787"
"9.077632595582262","9.087632595582262","5","50","{""a"":""td"",""s"":5,""nid"":-1300801300}","320","34","320","SUCCESS","0.009999999999999787"
"9.077632595582262","9.087632595582262","6","23","{""a"":""td"",""s"":6,""nid"":-1300801300}","342","34","342","SUCCESS","0.009999999999999787"
"9.077632595582262","9.087632595582262","6","28","{""a"":""td"",""s"":6,""nid"":-1300801300}","347","34","347","SUCCESS","0.009999999999999787"
"9.077632595582262","9.087632595582262","6","25","{""a"":""td"",""s"":6,""nid"":-1300801300}","344","34","344","SUCCESS","0.009999999999999787"
"9.077632595582262","9.087632595582262","6","27","{""a"":""td"",""s"":6,""nid"":-1300801300}","346","34","346","SUCCESS","0.009999999999999787"
"9.077632595582262","9.087632595582262","20","4","{""p"":""52.229775#21.007195"",""a"":""tdr"",""nid"":-1300801300,""id"":20}","200396","63","395","SUCCESS","0.009999999999999787"
"9.077632595582262","9.087632595582262","6","35","{""a"":""td"",""s"":6,""nid"":-1300801300}","354","34","354","SUCCESS","0.009999999999999787"
"9.077632595582262","9.087632595582262","5","4","{""p"":""52.23082#21.007823"",""a"":""tdr"",""nid"":-1300801300,""id"":5}","50372","61","371","SUCCESS","0.009999999999999787"
"9.077632595582262","9.087632595582262","6","45","{""a"":""td"",""s"":6,""nid"":-1300801300}","364","34","364","SUCCESS","0.009999999999999787"
"9.077632595582262","9.087632595582262","6","37","{""a"":""td"",""s"":6,""nid"":-1300801300}","356","34","356","SUCCESS","0.009999999999999787"
"9.077632595582262","9.087632595582262","25","4","{""p"":""52.229775#21.007195"",""a"":""tdr"",""nid"":-1300801300,""id"":25}","250322","63","321","SUCCESS","0.009999999999999787"
"9.077632595582262","9.087632595582262","6","34","{""a"":""td"",""s"":6,""nid"":-1300801300}","353","34","353","SUCCESS","0.009999999999999787"
"9.077632595582262","9.087632595582262","19","4","{""p"":""52.229775#21.007195"",""a"":""tdr"",""nid"":-1300801300,""id"":19}","190395","63","394","SUCCESS","0.009999999999999787"
"9.077632595582262","9.087632595582262","6","36","{""a"":""td"",""s"":6,""nid"":-1300801300}","355","34","355","SUCCESS","0.009999999999999787"
"9.077632595582262","9.087632595582262","3","4","{""p"":""52.230419#21.007447"",""a"":""tdr"",""nid"":-1300801300,""id"":3}","30375","62","374","SUCCESS","0.009999999999999787"
"9.077632595582262","9.087632595582262","45","4","{""p"":""52.229775#21.007195"",""a"":""tdr"",""nid"":-1300801300,""id"":45}","450273","63","272","SUCCESS","0.009999999999999787"
"9.077632595582262","9.087632595582262","6","39","{""a"":""td"",""s"":6,""nid"":-1300801300}","358","34","358","SUCCESS","0.009999999999999787"
"9.077632595582262","9.087632595582262","6","44","{""a"":""td"",""s"":6,""nid"":-1300801300}","363","34","363","SUCCESS","0.009999999999999787"
"9.077632595582262","9.087632595582262","6","40","{""a"":""td"",""s"":6,""nid"":-1300801300}","359","34","359","SUCCESS","0.009999999999999787"
"9.077632595582262","9.087632595582262","6","41","{""a"":""td"",""s"":6,""nid"":-1300801300}","360","34","360","SUCCESS","0.009999999999999787"
"9.077632595582262","9.087632595582262","6","42","{""a"":""td"",""s"":6,""nid"":-1300801300}","361","34","361","SUCCESS","0.009999999999999787"
"9.077632595582262","9.087632595582262","6","43","{""a"":""td"",""s"":6,""nid"":-1300801300}","362","34","362","SUCCESS","0.009999999999999787"
"9.077632595582262","9.087632595582262","49","4","{""p"":""52.229775#21.007195"",""a"":""tdr"",""nid"":-1300801300,""id"":49}","490374","63","373","SUCCESS","0.009999999999999787"
"9.077632595582262","9.087632595582262","6","47","{""a"":""td"",""s"":6,""nid"":-1300801300}","366","34","366","SUCCESS","0.009999999999999787"
"9.077632595582262","9.087632595582262","6","46","{""a"":""td"",""s"":6,""nid"":-1300801300}","365","34","365","SUCCESS","0.009999999999999787"
"9.077632595582262","9.087632595582262","6","48","{""a"":""td"",""s"":6,""nid"":-1300801300}","367","34","367","SUCCESS","0.009999999999999787"
"9.077632595582262","9.087632595582262","6","49","{""a"":""td"",""s"":6,""nid"":-1300801300}","368","34","368","SUCCESS","0.009999999999999787"
"9.077632595582262","9.087632595582262","18","4","{""p"":""52.229775#21.007195"",""a"":""tdr"",""nid"":-1300801300,""id"":18}","180394","63","393","SUCCESS","0.009999999999999787"
"9.077632595582262","9.087632595582262","6","38","{""a"":""td"",""s"":6,""nid"":-1300801300}","357","34","357","SUCCESS","0.009999999999999787"
"9.077632595582262","9.087632595582262","24","4","{""p"":""52.229775#21.007195"",""a"":""tdr"",""nid"":-1300801300,""id"":24}","240379","63","378","SUCCESS","0.009999999999999787"
"9.077632595582262","9.087632595582262","50","4","{""p"":""52.229775#21.007195"",""a"":""tdr"",""nid"":-1300801300,""id"":50}","500376","63","375","SUCCESS","0.009999999999999787"
"9.077632595582262","9.087632595582262","2","4","{""p"":""52.230672#21.007329"",""a"":""tdr"",""nid"":-1300801300,""id"":2}","20377","62","376","SUCCESS","0.009999999999999787"
"9.077632595582262","9.087632595582262","12","4","{""p"":""52.229775#21.007195"",""a"":""tdr"",""nid"":-1300801300,""id"":12}","120385","63","384","SUCCESS","0.009999999999999787"
"9.077632595582262","9.087632595582262","9","4","{""p"":""52.231295#21.008864"",""a"":""tdr"",""nid"":-1300801300,""id"":9}","90382","62","381","SUCCESS","0.009999999999999787"
"9.077632595582262","9.087632595582262","23","4","{""p"":""52.229775#21.007195"",""a"":""tdr"",""nid"":-1300801300,""id"":23}","230380","63","379","SUCCESS","0.009999999999999787"
"9.077632595582262","9.087632595582262","13","4","{""p"":""52.229775#21.007195"",""a"":""tdr"",""nid"":-1300801300,""id"":13}","130381","63","380","SUCCESS","0.009999999999999787"
"9.077632595582262","9.087632595582262","8","4","{""p"":""52.230298#21.00639"",""a"":""tdr"",""nid"":-1300801300,""id"":8}","80383","61","382","SUCCESS","0.009999999999999787"
"9.077632595582262","9.087632595582262","7","4","{""p"":""52.230537#21.006412"",""a"":""tdr"",""nid"":-1300801300,""id"":7}","70384","62","383","SUCCESS","0.009999999999999787"
"9.077632595582262","9.087632595582262","22","4","{""p"":""52.229775#21.007195"",""a"":""tdr"",""nid"":-1300801300,""id"":22}","220388","63","387","SUCCESS","0.009999999999999787"
"9.077632595582262","9.087632595582262","11","4","{""p"":""52.229775#21.007195"",""a"":""tdr"",""nid"":-1300801300,""id"":11}","110386","63","385","SUCCESS","0.009999999999999787"
"9.077632595582262","9.087632595582262","10","4","{""p"":""52.229775#21.007195"",""a"":""tdr"",""nid"":-1300801300,""id"":10}","100387","63","386","SUCCESS","0.009999999999999787"
"9.077632595582262","9.087632595582262","15","4","{""p"":""52.229775#21.007195"",""a"":""tdr"",""nid"":-1300801300,""id"":15}","150389","63","388","SUCCESS","0.009999999999999787"
"9.077632595582262","9.087632595582262","14","4","{""p"":""52.229775#21.007195"",""a"":""tdr"",""nid"":-1300801300,""id"":14}","140390","63","389","SUCCESS","0.009999999999999787"
"9.077632595582262","9.087632595582262","17","4","{""p"":""52.229775#21.007195"",""a"":""tdr"",""nid"":-1300801300,""id"":17}","170393","63","392","SUCCESS","0.009999999999999787"
"9.077632595582262","9.087632595582262","16","4","{""p"":""52.229775#21.007195"",""a"":""tdr"",""nid"":-1300801300,""id"":16}","160392","63","391","SUCCESS","0.009999999999999787"
"9.087632595582262","9.097632595582262","42","5","{""p"":""52.229775#21.007195"",""a"":""tdr"",""nid"":-1300801300,""id"":42}","420432","63","431","SUCCESS","0.009999999999999787"
"9.087632595582262","9.097632595582262","3","5","{""p"":""52.230419#21.007447"",""a"":""tdr"",""nid"":-1300801300,""id"":3}","30408","62","407","SUCCESS","0.009999999999999787"
"9.087632595582262","9.097632595582262","47","5","{""p"":""52.229775#21.007195"",""a"":""tdr"",""nid"":-1300801300,""id"":47}","470416","63","415","SUCCESS","0.009999999999999787"
"9.087632595582262","9.097632595582262","33","5","{""p"":""52.229775#21.007195"",""a"":""tdr"",""nid"":-1300801300,""id"":33}","330398","63","397","SUCCESS","0.009999999999999787"
"9.087632595582262","9.097632595582262","16","5","{""p"":""52.229775#21.007195"",""a"":""tdr"",""nid"":-1300801300,""id"":16}","160413","63","412","SUCCESS","0.009999999999999787"
"9.087632595582262","9.097632595582262","25","5","{""p"":""52.229775#21.007195"",""a"":""tdr"",""nid"":-1300801300,""id"":25}","250412","63","411","SUCCESS","0.009999999999999787"
"9.087632595582262","9.097632595582262","8","5","{""p"":""52.230298#21.00639"",""a"":""tdr"",""nid"":-1300801300,""id"":8}","80402","61","401","SUCCESS","0.009999999999999787"
"9.087632595582262","9.097632595582262","26","5","{""p"":""52.229775#21.007195"",""a"":""tdr"",""nid"":-1300801300,""id"":26}","260399","63","398","SUCCESS","0.009999999999999787"
"9.087632595582262","9.097632595582262","6","5","{""p"":""52.230886#21.007512"",""a"":""tdr"",""nid"":-1300801300,""id"":6}","60409","62","408","SUCCESS","0.009999999999999787"
"9.087632595582262","9.097632595582262","9","5","{""p"":""52.231295#21.008864"",""a"":""tdr"",""nid"":-1300801300,""id"":9}","90400","62","399","SUCCESS","0.009999999999999787"
"9.087632595582262","9.097632595582262","33","6","{""p"":""52.229775#21.007195"",""a"":""tdr"",""nid"":-1300801300,""id"":33}","330401","63","400","SUCCESS","0.009999999999999787"
"9.087632595582262","9.097632595582262","48","5","{""p"":""52.229775#21.007195"",""a"":""tdr"",""nid"":-1300801300,""id"":48}","480407","63","406","SUCCESS","0.009999999999999787"
"9.087632595582262","9.097632595582262","2","5","{""p"":""52.230672#21.007329"",""a"":""tdr"",""nid"":-1300801300,""id"":2}","20403","62","402","SUCCESS","0.009999999999999787"
"9.087632595582262","9.097632595582262","7","5","{""p"":""52.230537#21.006412"",""a"":""tdr"",""nid"":-1300801300,""id"":7}","70406","62","405","SUCCESS","0.009999999999999787"
"9.087632595582262","9.097632595582262","26","6","{""p"":""52.229775#21.007195"",""a"":""tdr"",""nid"":-1300801300,""id"":26}","260404","63","403","SUCCESS","0.009999999999999787"
"9.087632595582262","9.097632595582262","49","5","{""p"":""52.229775#21.007195"",""a"":""tdr"",""nid"":-1300801300,""id"":49}","490405","63","404","SUCCESS","0.009999999999999787"
"9.087632595582262","9.097632595582262","28","6","{""p"":""52.229775#21.007195"",""a"":""tdr"",""nid"":-1300801300,""id"":28}","280476","63","475","SUCCESS","0.009999999999999787"
"9.087632595582262","9.097632595582262","20","5","{""p"":""52.229775#21.007195"",""a"":""tdr"",""nid"":-1300801300,""id"":20}","200431","63","430","SUCCESS","0.009999999999999787"
"9.087632595582262","9.097632595582262","12","5","{""p"":""52.229775#21.007195"",""a"":""tdr"",""nid"":-1300801300,""id"":12}","120418","63","417","SUCCESS","0.009999999999999787"
"9.087632595582262","9.097632595582262","4","5","{""p"":""52.230662#21.007742"",""a"":""tdr"",""nid"":-1300801300,""id"":4}","40411","62","410","SUCCESS","0.009999999999999787"
"9.087632595582262","9.097632595582262","22","6","{""p"":""52.229775#21.007195"",""a"":""tdr"",""nid"":-1300801300,""id"":22}","220410","63","409","SUCCESS","0.009999999999999787"
"9.087632595582262","9.097632595582262","15","5","{""p"":""52.229775#21.007195"",""a"":""tdr"",""nid"":-1300801300,""id"":15}","150417","63","416","SUCCESS","0.009999999999999787"
"9.087632595582262","9.097632595582262","11","5","{""p"":""52.229775#21.007195"",""a"":""tdr"",""nid"":-1300801300,""id"":11}","110414","63","413","SUCCESS","0.009999999999999787"
"9.087632595582262","9.097632595582262","10","5","{""p"":""52.229775#21.007195"",""a"":""tdr"",""nid"":-1300801300,""id"":10}","100415","63","414","SUCCESS","0.009999999999999787"
"9.087632595582262","9.097632595582262","23","5","{""p"":""52.229775#21.007195"",""a"":""tdr"",""nid"":-1300801300,""id"":23}","230430","63","429","SUCCESS","0.009999999999999787"
"9.087632595582262","9.097632595582262","24","5","{""p"":""52.229775#21.007195"",""a"":""tdr"",""nid"":-1300801300,""id"":24}","240423","63","422","SUCCESS","0.009999999999999787"
"9.087632595582262","9.097632595582262","14","5","{""p"":""52.229775#21.007195"",""a"":""tdr"",""nid"":-1300801300,""id"":14}","140420","63","419","SUCCESS","0.009999999999999787"
"9.087632595582262","9.097632595582262","37","5","{""p"":""52.229775#21.007195"",""a"":""tdr"",""nid"":-1300801300,""id"":37}","370422","63","421","SUCCESS","0.009999999999999787"
"9.087632595582262","9.097632595582262","17","5","{""p"":""52.229775#21.007195"",""a"":""tdr"",""nid"":-1300801300,""id"":17}","170429","63","428","SUCCESS","0.009999999999999787"
"9.087632595582262","9.097632595582262","19","5","{""p"":""52.229775#21.007195"",""a"":""tdr"",""nid"":-1300801300,""id"":19}","190424","63","423","SUCCESS","0.009999999999999787"
"9.087632595582262","9.097632595582262","45","5","{""p"":""52.229775#21.007195"",""a"":""tdr"",""nid"":-1300801300,""id"":45}","450425","63","424","SUCCESS","0.009999999999999787"
"9.087632595582262","9.097632595582262","43","5","{""p"":""52.229775#21.007195"",""a"":""tdr"",""nid"":-1300801300,""id"":43}","430428","63","427","SUCCESS","0.009999999999999787"
"9.087632595582262","9.097632595582262","10","6","{""p"":""52.229775#21.007195"",""a"":""tdr"",""nid"":-1300801300,""id"":10}","100440","63","439","SUCCESS","0.009999999999999787"
"9.087632595582262","9.097632595582262","41","5","{""p"":""52.229775#21.007195"",""a"":""tdr"",""nid"":-1300801300,""id"":41}","410443","63","442","SUCCESS","0.009999999999999787"
"9.087632595582262","9.097632595582262","13","6","{""p"":""52.229775#21.007195"",""a"":""tdr"",""nid"":-1300801300,""id"":13}","130451","63","450","SUCCESS","0.009999999999999787"
"9.087632595582262","9.097632595582262","14","6","{""p"":""52.229775#21.007195"",""a"":""tdr"",""nid"":-1300801300,""id"":14}","140437","63","436","SUCCESS","0.009999999999999787"
"9.087632595582262","9.097632595582262","22","5","{""p"":""52.229775#21.007195"",""a"":""tdr"",""nid"":-1300801300,""id"":22}","220433","63","432","SUCCESS","0.009999999999999787"
"9.087632595582262","9.097632595582262","31","6","{""p"":""52.229775#21.007195"",""a"":""tdr"",""nid"":-1300801300,""id"":31}","310436","63","435","SUCCESS","0.009999999999999787"
"9.087632595582262","9.097632595582262","5","6","{""p"":""52.23082#21.007823"",""a"":""tdr"",""nid"":-1300801300,""id"":5}","50458","61","457","SUCCESS","0.009999999999999787"
"9.087632595582262","9.097632595582262","38","6","{""p"":""52.229775#21.007195"",""a"":""tdr"",""nid"":-1300801300,""id"":38}","380495","63","494","SUCCESS","0.009999999999999787"
"9.087632595582262","9.097632595582262","38","5","{""p"":""52.229775#21.007195"",""a"":""tdr"",""nid"":-1300801300,""id"":38}","380441","63","440","SUCCESS","0.009999999999999787"
"9.087632595582262","9.097632595582262","50","6","{""p"":""52.229775#21.007195"",""a"":""tdr"",""nid"":-1300801300,""id"":50}","500445","63","444","SUCCESS","0.009999999999999787"
"9.087632595582262","9.097632595582262","48","6","{""p"":""52.229775#21.007195"",""a"":""tdr"",""nid"":-1300801300,""id"":48}","480493","63","492","SUCCESS","0.009999999999999787"
"9.087632595582262","9.097632595582262","3","6","{""p"":""52.230419#21.007447"",""a"":""tdr"",""nid"":-1300801300,""id"":3}","30444","62","443","SUCCESS","0.009999999999999787"
"9.087632595582262","9.097632595582262","34","5","{""p"":""52.229775#21.007195"",""a"":""tdr"",""nid"":-1300801300,""id"":34}","340457","63","456","SUCCESS","0.009999999999999787"
"9.087632595582262","9.097632595582262","7","6","{""p"":""52.230537#21.006412"",""a"":""tdr"",""nid"":-1300801300,""id"":7}","70456","62","455","SUCCESS","0.009999999999999787"
"9.087632595582262","9.097632595582262","2","6","{""p"":""52.230672#21.007329"",""a"":""tdr"",""nid"":-1300801300,""id"":2}","20448","62","447","SUCCESS","0.009999999999999787"
"9.087632595582262","9.097632595582262","8","6","{""p"":""52.230298#21.00639"",""a"":""tdr"",""nid"":-1300801300,""id"":8}","80452","61","451","SUCCESS","0.009999999999999787"
"9.087632595582262","9.097632595582262","43","6","{""p"":""52.229775#21.007195"",""a"":""tdr"",""nid"":-1300801300,""id"":43}","430490","63","489","SUCCESS","0.009999999999999787"
"9.087632595582262","9.097632595582262","23","6","{""p"":""52.229775#21.007195"",""a"":""tdr"",""nid"":-1300801300,""id"":23}","230475","63","474","SUCCESS","0.009999999999999787"
"9.087632595582262","9.097632595582262","40","5","{""p"":""52.229775#21.007195"",""a"":""tdr"",""nid"":-1300801300,""id"":40}","400455","63","454","SUCCESS","0.009999999999999787"
"9.087632595582262","9.097632595582262","12","6","{""p"":""52.229775#21.007195"",""a"":""tdr"",""nid"":-1300801300,""id"":12}","120459","63","458","SUCCESS","0.009999999999999787"
"9.087632595582262","9.097632595582262","50","5","{""p"":""52.229775#21.007195"",""a"":""tdr"",""nid"":-1300801300,""id"":50}","500474","63","473","SUCCESS","0.009999999999999787"
"9.087632595582262","9.097632595582262","16","6","{""p"":""52.229775#21.007195"",""a"":""tdr"",""nid"":-1300801300,""id"":16}","160466","63","465","SUCCESS","0.009999999999999787"
"9.087632595582262","9.097632595582262","39","5","{""p"":""52.229775#21.007195"",""a"":""tdr"",""nid"":-1300801300,""id"":39}","390462","63","461","SUCCESS","0.009999999999999787"
"9.087632595582262","9.097632595582262","36","6","{""p"":""52.229775#21.007195"",""a"":""tdr"",""nid"":-1300801300,""id"":36}","360484","63","483","SUCCESS","0.009999999999999787"
"9.087632595582262","9.097632595582262","30","5","{""p"":""52.229775#21.007195"",""a"":""tdr"",""nid"":-1300801300,""id"":30}","300449","63","448","SUCCESS","0.009999999999999787"
"9.087632595582262","9.097632595582262","32","5","{""p"":""52.229775#21.007195"",""a"":""tdr"",""nid"":-1300801300,""id"":32}","320453","63","452","SUCCESS","0.009999999999999787"
"9.087632595582262","9.097632595582262","9","6","{""p"":""52.231295#21.008864"",""a"":""tdr"",""nid"":-1300801300,""id"":9}","90460","62","459","SUCCESS","0.009999999999999787"
"9.087632595582262","9.097632595582262","35","6","{""p"":""52.229775#21.007195"",""a"":""tdr"",""nid"":-1300801300,""id"":35}","350479","63","478","SUCCESS","0.009999999999999787"
"9.087632595582262","9.097632595582262","36","5","{""p"":""52.229775#21.007195"",""a"":""tdr"",""nid"":-1300801300,""id"":36}","360461","63","460","SUCCESS","0.009999999999999787"
"9.087632595582262","9.097632595582262","21","6","{""p"":""52.229775#21.007195"",""a"":""tdr"",""nid"":-1300801300,""id"":21}","210465","63","464","SUCCESS","0.009999999999999787"
"9.087632595582262","9.097632595582262","11","6","{""p"":""52.229775#21.007195"",""a"":""tdr"",""nid"":-1300801300,""id"":11}","110463","63","462","SUCCESS","0.009999999999999787"
"9.087632595582262","9.097632595582262","19","6","{""p"":""52.229775#21.007195"",""a"":""tdr"",""nid"":-1300801300,""id"":19}","190471","63","470","SUCCESS","0.009999999999999787"
"9.087632595582262","9.097632595582262","17","6","{""p"":""52.229775#21.007195"",""a"":""tdr"",""nid"":-1300801300,""id"":17}","170470","63","469","SUCCESS","0.009999999999999787"
"9.087632595582262","9.097632595582262","30","6","{""p"":""52.229775#21.007195"",""a"":""tdr"",""nid"":-1300801300,""id"":30}","300464","63","463","SUCCESS","0.009999999999999787"
"9.087632595582262","9.097632595582262","24","6","{""p"":""52.229775#21.007195"",""a"":""tdr"",""nid"":-1300801300,""id"":24}","240473","63","472","SUCCESS","0.009999999999999787"
"9.087632595582262","9.097632595582262","20","6","{""p"":""52.229775#21.007195"",""a"":""tdr"",""nid"":-1300801300,""id"":20}","200469","63","468","SUCCESS","0.009999999999999787"
"9.087632595582262","9.097632595582262","44","5","{""p"":""52.229775#21.007195"",""a"":""tdr"",""nid"":-1300801300,""id"":44}","440467","63","466","SUCCESS","0.009999999999999787"
"9.087632595582262","9.097632595582262","15","6","{""p"":""52.229775#21.007195"",""a"":""tdr"",""nid"":-1300801300,""id"":15}","150468","63","467","SUCCESS","0.009999999999999787"
"9.087632595582262","9.097632595582262","29","6","{""p"":""52.229775#21.007195"",""a"":""tdr"",""nid"":-1300801300,""id"":29}","290472","63","471","SUCCESS","0.009999999999999787"
"9.087632595582262","9.097632595582262","44","6","{""p"":""52.229775#21.007195"",""a"":""tdr"",""nid"":-1300801300,""id"":44}","440486","63","485","SUCCESS","0.009999999999999787"
"9.087632595582262","9.097632595582262","37","6","{""p"":""52.229775#21.007195"",""a"":""tdr"",""nid"":-1300801300,""id"":37}","370482","63","481","SUCCESS","0.009999999999999787"
"9.087632595582262","9.097632595582262","35","5","{""p"":""52.229775#21.007195"",""a"":""tdr"",""nid"":-1300801300,""id"":35}","350454","63","453","SUCCESS","0.009999999999999787"
"9.087632595582262","9.097632595582262","25","6","{""p"":""52.229775#21.007195"",""a"":""tdr"",""nid"":-1300801300,""id"":25}","250477","63","476","SUCCESS","0.009999999999999787"
"9.087632595582262","9.097632595582262","27","6","{""p"":""52.229775#21.007195"",""a"":""tdr"",""nid"":-1300801300,""id"":27}","270478","63","477","SUCCESS","0.009999999999999787"
"9.087632595582262","9.097632595582262","45","6","{""p"":""52.229775#21.007195"",""a"":""tdr"",""nid"":-1300801300,""id"":45}","450481","63","480","SUCCESS","0.009999999999999787"
"9.087632595582262","9.097632595582262","39","6","{""p"":""52.229775#21.007195"",""a"":""tdr"",""nid"":-1300801300,""id"":39}","390485","63","484","SUCCESS","0.009999999999999787"
"9.087632595582262","9.097632595582262","34","6","{""p"":""52.229775#21.007195"",""a"":""tdr"",""nid"":-1300801300,""id"":34}","340483","63","482","SUCCESS","0.009999999999999787"
"9.087632595582262","9.097632595582262","31","5","{""p"":""52.229775#21.007195"",""a"":""tdr"",""nid"":-1300801300,""id"":31}","310447","63","446","SUCCESS","0.009999999999999787"
"9.087632595582262","9.097632595582262","18","6","{""p"":""52.229775#21.007195"",""a"":""tdr"",""nid"":-1300801300,""id"":18}","180419","63","418","SUCCESS","0.009999999999999787"
"9.087632595582262","9.097632595582262","41","6","{""p"":""52.229775#21.007195"",""a"":""tdr"",""nid"":-1300801300,""id"":41}","410488","63","487","SUCCESS","0.009999999999999787"
"9.087632595582262","9.097632595582262","40","6","{""p"":""52.229775#21.007195"",""a"":""tdr"",""nid"":-1300801300,""id"":40}","400487","63","486","SUCCESS","0.009999999999999787"
"9.087632595582262","9.097632595582262","47","6","{""p"":""52.229775#21.007195"",""a"":""tdr"",""nid"":-1300801300,""id"":47}","470491","63","490","SUCCESS","0.009999999999999787"
"9.087632595582262","9.097632595582262","29","5","{""p"":""52.229775#21.007195"",""a"":""tdr"",""nid"":-1300801300,""id"":29}","290446","63","445","SUCCESS","0.009999999999999787"
"9.087632595582262","9.097632595582262","42","6","{""p"":""52.229775#21.007195"",""a"":""tdr"",""nid"":-1300801300,""id"":42}","420489","63","488","SUCCESS","0.009999999999999787"
"9.087632595582262","9.097632595582262","32","6","{""p"":""52.229775#21.007195"",""a"":""tdr"",""nid"":-1300801300,""id"":32}","320435","63","434","SUCCESS","0.009999999999999787"
"9.087632595582262","9.097632595582262","27","5","{""p"":""52.229775#21.007195"",""a"":""tdr"",""nid"":-1300801300,""id"":27}","270442","63","441","SUCCESS","0.009999999999999787"
"9.087632595582262","9.097632595582262","46","6","{""p"":""52.229775#21.007195"",""a"":""tdr"",""nid"":-1300801300,""id"":46}","460492","63","491","SUCCESS","0.009999999999999787"
"9.087632595582262","9.097632595582262","49","6","{""p"":""52.229775#21.007195"",""a"":""tdr"",""nid"":-1300801300,""id"":49}","490494","63","493","SUCCESS","0.009999999999999787"
"9.087632595582262","9.097632595582262","28","5","{""p"":""52.229775#21.007195"",""a"":""tdr"",""nid"":-1300801300,""id"":28}","280439","63","438","SUCCESS","0.009999999999999787"
"9.087632595582262","9.097632595582262","4","6","{""p"":""52.230662#21.007742"",""a"":""tdr"",""nid"":-1300801300,""id"":4}","40438","62","437","SUCCESS","0.009999999999999787"
"9.087632595582262","9.097632595582262","13","5","{""p"":""52.229775#21.007195"",""a"":""tdr"",""nid"":-1300801300,""id"":13}","130421","63","420","SUCCESS","0.009999999999999787"
"9.087632595582262","9.097632595582262","21","5","{""p"":""52.229775#21.007195"",""a"":""tdr"",""nid"":-1300801300,""id"":21}","210434","63","433","SUCCESS","0.009999999999999787"
"9.087632595582262","9.097632595582262","18","5","{""p"":""52.229775#21.007195"",""a"":""tdr"",""nid"":-1300801300,""id"":18}","180427","63","426","SUCCESS","0.009999999999999787"
"9.087632595582262","9.097632595582262","46","5","{""p"":""52.229775#21.007195"",""a"":""tdr"",""nid"":-1300801300,""id"":46}","460426","63","425","SUCCESS","0.009999999999999787"
"9.077632595582262","9.30763259558226","2","4","{""a"":""in"",""s"":1,""nid"":-1300801300,""i"":""<<Immediate,o1,o2,o3,(52.231073#21.007506);(52.230797#21.008139);(52.230488#21.007726);(52.230554#21.007243);(52.23079#21.007115),t,1,>>"",""psn"":[1,2]}","20373","189","372","SUCCESS","0.22999999999999865"
"9.077632595582262","9.30763259558226","2","6","{""a"":""in"",""s"":1,""nid"":-1300801300,""i"":""<<Immediate,o1,o2,o3,(52.231073#21.007506);(52.230797#21.008139);(52.230488#21.007726);(52.230554#21.007243);(52.23079#21.007115),t,1,>>"",""psn"":[1,2]}","20378","189","377","SUCCESS","0.22999999999999865"
"9.077632595582262","9.30763259558226","2","5","{""a"":""in"",""s"":1,""nid"":-1300801300,""i"":""<<Immediate,o1,o2,o3,(52.231073#21.007506);(52.230797#21.008139);(52.230488#21.007726);(52.230554#21.007243);(52.23079#21.007115),t,1,>>"",""psn"":[1,2]}","20391","189","390","SUCCESS","0.22999999999999865"
"9.087632595582262","9.31763259558226","4","2","{""a"":""in"",""s"":1,""nid"":-1300801300,""i"":""<<Immediate,o1,o2,o3,(52.231073#21.007506);(52.230797#21.008139);(52.230488#21.007726);(52.230554#21.007243);(52.23079#21.007115),t,1,>>"",""psn"":[1,4]}","40496","189","495","SUCCESS","0.22999999999999865"
"9.087632595582262","9.31763259558226","4","5","{""a"":""in"",""s"":1,""nid"":-1300801300,""i"":""<<Immediate,o1,o2,o3,(52.231073#21.007506);(52.230797#21.008139);(52.230488#21.007726);(52.230554#21.007243);(52.23079#21.007115),t,1,>>"",""psn"":[1,4]}","40480","189","479","SUCCESS","0.22999999999999865"
"9.087632595582262","9.31763259558226","4","6","{""a"":""in"",""s"":1,""nid"":-1300801300,""i"":""<<Immediate,o1,o2,o3,(52.231073#21.007506);(52.230797#21.008139);(52.230488#21.007726);(52.230554#21.007243);(52.23079#21.007115),t,1,>>"",""psn"":[1,4]}","40450","189","449","SUCCESS","0.22999999999999865"
"9.097632595582262","9.32763259558226","6","5","{""a"":""in"",""s"":1,""nid"":-1300801300,""i"":""<<Immediate,o1,o2,o3,(52.231073#21.007506);(52.230797#21.008139);(52.230488#21.007726);(52.230554#21.007243);(52.23079#21.007115),t,1,>>"",""psn"":[1,6]}","60500","189","499","SUCCESS","0.22999999999999865"
"9.097632595582262","9.32763259558226","5","2","{""a"":""in"",""s"":1,""nid"":-1300801300,""i"":""<<Immediate,o1,o2,o3,(52.231073#21.007506);(52.230797#21.008139);(52.230488#21.007726);(52.230554#21.007243);(52.23079#21.007115),t,1,>>"",""psn"":[1,5]}","50498","189","497","SUCCESS","0.22999999999999865"
"9.097632595582262","9.32763259558226","6","2","{""a"":""in"",""s"":1,""nid"":-1300801300,""i"":""<<Immediate,o1,o2,o3,(52.231073#21.007506);(52.230797#21.008139);(52.230488#21.007726);(52.230554#21.007243);(52.23079#21.007115),t,1,>>"",""psn"":[1,6]}","60501","189","500","SUCCESS","0.22999999999999865"
"9.097632595582262","9.32763259558226","5","4","{""a"":""in"",""s"":1,""nid"":-1300801300,""i"":""<<Immediate,o1,o2,o3,(52.231073#21.007506);(52.230797#21.008139);(52.230488#21.007726);(52.230554#21.007243);(52.23079#21.007115),t,1,>>"",""psn"":[1,5]}","50499","189","498","SUCCESS","0.22999999999999865"
"9.097632595582262","9.32763259558226","5","6","{""a"":""in"",""s"":1,""nid"":-1300801300,""i"":""<<Immediate,o1,o2,o3,(52.231073#21.007506);(52.230797#21.008139);(52.230488#21.007726);(52.230554#21.007243);(52.23079#21.007115),t,1,>>"",""psn"":[1,5]}","50497","189","496","SUCCESS","0.22999999999999865"
"9.097632595582262","9.32763259558226","6","4","{""a"":""in"",""s"":1,""nid"":-1300801300,""i"":""<<Immediate,o1,o2,o3,(52.231073#21.007506);(52.230797#21.008139);(52.230488#21.007726);(52.230554#21.007243);(52.23079#21.007115),t,1,>>"",""psn"":[1,6]}","60502","189","501","SUCCESS","0.22999999999999865"
